"행정구역별(시군구)","성별","연령별",2015,2015,2015,2015,2015,2015,2015,2015,2015,2015,2015,2015,2015,2015,2015,2015,2015,2015,2015,2015,2015,2015,2015,2015,2015,2015,2015,2015,2015,2015,2015,2015,2015,2015,2015,2015
"행정구역별(시군구)","성별","연령별",내국인(6세이상),초등학교-계,초등학교-졸업,초등학교-재학,초등학교-중퇴,중학교-계,중학교-졸업,중학교-재학,중학교-중퇴,고등학교-계,고등학교-졸업,고등학교-재학,고등학교-중퇴,대학(4년제 미만)-계,대학-졸업,대학-재학,대학-수료,대학-휴학,대학-중퇴,대학교(4년제 이상)-계,대학교-졸업,대학교-재학,대학교-수료,대학교-휴학,대학교-중퇴,대학원(석사과정)-계,대학원-졸업,대학원-재학,대학원-수료,대학원-중퇴,대학원(박사과정)-계,대학원-졸업,대학원-재학,대학원-수료,대학원-중퇴,받지않았음     (미취학 포함)
"전국","계","합계",46943737,6384848,3305723,2728572,350553,4926726,3095774,1591645,239307,14436616,12296663,1829615,310338,5864950,4588438,508187,79730,271203,417392,11663316,8674853,1793746,84508,595306,514903,1595998,1180967,209462,161143,44426,430033,279195,66422,77020,7396,1641250
"동부","계","합계",38388461,4688974,2176460,2284204,228310,3848224,2322277,1338968,186979,11802844,10027528,1524663,250653,4933391,3863851,424705,68033,226537,350265,10287264,7697603,1567786,74630,506975,440270,1441899,1069314,188981,143582,40022,396937,259217,60819,70149,6752,988928
"읍부","계","합계",4182866,699032,376867,277952,44213,485756,311732,150521,23503,1375672,1167572,178984,29116,536027,421542,45322,6408,24588,38167,778009,557219,124838,5401,48731,41820,84314,60682,11575,9493,2564,17182,10102,3177,3569,334,206874
"면부","계","합계",4372410,996842,752396,166416,78030,592746,461765,102156,28825,1258100,1101563,125968,30569,395532,303045,38160,5289,20078,28960,598043,420031,101122,4477,39600,32813,69785,50971,8906,8068,1840,15914,9876,2426,3302,310,445448
"서울특별시","계","합계",9088251,962222,466717,447346,48159,816155,508613,265390,42152,2528037,2168893,305137,54007,1042682,812530,88387,16945,45867,78953,2904857,2268469,387551,23876,113873,111088,502523,372860,67493,47977,14193,147793,96853,23187,25383,2370,183982
"종로구","계","합계",140506,14794,8422,5581,791,13587,9147,3849,591,36172,29908,5531,733,12597,9847,1118,284,552,796,45975,33173,8633,493,2008,1668,10014,7081,1806,904,223,4199,2791,696,663,49,3168
"중구","계","합계",112574,12078,7266,4047,765,11633,8728,2324,581,33736,29639,3380,717,11721,9296,921,176,512,816,33294,25458,5110,286,1302,1138,5416,3923,833,529,131,1792,1200,309,253,30,2904
"용산구","계","합계",201237,20669,10797,8848,1024,16563,10697,4966,900,51689,44619,5868,1202,19990,15357,1774,301,846,1712,67899,54795,7551,613,2405,2535,14975,11368,1533,1630,444,5049,3411,570,964,104,4403
"성동구","계","합계",270022,29076,15473,12046,1557,25944,17794,6721,1429,73496,64154,7625,1717,30527,23442,2769,531,1450,2335,84633,65664,12024,691,3381,2873,16040,11344,2583,1703,410,4594,2723,894,914,63,5712
"광진구","계","합계",335188,33208,16799,14830,1579,29627,19111,8876,1640,96799,83799,10939,2061,40204,31352,3468,507,1682,3195,108038,80356,18263,901,4354,4164,17139,12130,3069,1571,369,4246,2832,711,656,47,5927
"동대문구","계","합계",333788,38846,22431,14091,2324,34940,24679,8427,1834,101578,89862,9524,2192,36686,28684,3249,666,1426,2661,95994,66525,20306,954,4556,3653,13827,8919,3388,1152,368,3790,2125,894,714,57,8127
"중랑구","계","합계",377939,45874,26294,16667,2913,46059,33487,10005,2567,137019,121888,11908,3223,48389,37819,3866,604,2188,3912,80477,60825,10542,636,4464,4010,9112,6323,1528,1016,245,2139,1191,513,415,20,8870
"성북구","계","합계",423352,50672,25593,22472,2607,41667,27398,12145,2124,117485,101875,13183,2427,45706,35551,4121,697,2094,3243,130604,93683,25584,1100,4914,5323,21320,14734,3788,2188,610,6593,3956,1275,1281,81,9305
"강북구","계","합계",301584,40362,24405,13279,2678,36121,25741,7819,2561,105155,92601,9609,2945,37877,29157,3244,445,1941,3090,64404,48007,8698,461,3283,3955,7606,5383,1168,770,285,2030,1276,300,407,47,8029
"도봉구","계","합계",321886,36588,19270,15560,1758,32439,20883,9827,1729,108645,95048,11290,2307,39964,31054,3482,614,1791,3023,85142,64737,11776,532,3926,4171,9806,7239,1363,978,226,2263,1432,328,442,61,7039
"노원구","계","합계",531568,61211,27368,30801,3042,51280,28672,20282,2326,151284,125118,23326,2840,63431,49812,5234,1285,2721,4379,165441,122916,27783,1210,7369,6163,22282,16295,2843,2433,711,4785,2906,797,1004,78,11854
"은평구","계","합계",448553,51300,26031,22791,2478,42750,26522,13740,2488,145264,126289,15685,3290,55549,43091,4723,808,2377,4550,122412,97046,13008,1010,5058,6290,16802,12731,1899,1666,506,3727,2439,519,699,70,10749
"서대문구","계","합계",284679,30681,16595,12260,1826,26191,16359,8150,1682,76627,65990,8863,1774,30771,23655,3108,462,1367,2179,93434,66987,18491,596,3732,3628,16091,10778,3520,1346,447,4647,2602,1155,837,53,6237
"마포구","계","합계",350468,37342,17797,17704,1841,26777,16035,9107,1635,85432,73992,9678,1762,37464,29310,2891,640,1563,3060,126645,100033,16549,976,4651,4436,23651,17093,3530,2303,725,6524,4207,1090,1112,115,6633
"양천구","계","합계",438004,49281,19702,27474,2105,41084,21786,17459,1839,120348,98365,19781,2202,49983,38903,4583,515,2588,3394,139202,110510,16857,1050,5834,4951,23644,18340,2410,2226,668,6064,3995,978,980,111,8398
"강서구","계","합계",530869,55170,25710,26843,2617,47265,29383,15378,2504,160745,140282,16817,3646,71517,56080,5684,1110,3052,5591,158821,128778,15922,1332,6239,6550,22136,16104,2961,2372,699,4179,2275,893,890,121,11036
"구로구","계","합계",381097,43687,22683,19076,1928,37412,25705,9931,1776,114406,100774,11484,2148,53248,42292,4481,953,2152,3370,106280,86266,10740,913,4162,4199,14804,11307,1631,1516,350,3072,1789,526,683,74,8188
"금천구","계","합계",215450,25623,14917,9053,1653,25711,18654,5583,1474,76294,67730,6645,1919,28488,21848,2529,381,1247,2483,47290,36487,5542,442,2261,2558,5400,3944,844,454,158,1079,607,200,256,16,5565
"영등포구","계","합계",338321,35384,18278,15217,1889,29305,19751,8096,1458,87278,75984,9372,1922,38758,30808,3264,770,1556,2360,115174,95274,11544,925,3845,3586,21475,16027,2476,2280,692,4871,2912,829,1055,75,6076
"동작구","계","합계",373421,35685,17373,16371,1941,28429,17875,8976,1578,91623,79294,10315,2014,42037,32601,3562,885,1778,3211,139142,105392,21211,1364,5892,5283,23605,17513,3157,2281,654,6222,3889,1063,1227,43,6678
"관악구","계","합계",474131,46974,26694,17516,2764,41116,28705,9847,2564,128614,113544,12019,3051,61004,48334,4611,858,2496,4705,156633,120263,21195,1557,6966,6652,23083,15189,4735,2353,806,7774,3646,2353,1636,139,8933
"서초구","계","합계",389692,31954,7424,23805,725,21372,7024,13821,527,64026,48719,14176,1131,29990,23073,2646,767,1205,2299,170943,142280,18487,1541,4330,4305,47180,37467,4376,4133,1204,18806,14212,1851,2480,263,5421
"강남구","계","합계",507300,38191,10422,26488,1281,29163,10115,18001,1047,94523,70907,21771,1845,41634,32047,3578,678,2180,3151,220757,183512,22939,1942,6273,6091,54055,42815,4849,4893,1498,22322,17066,1828,3048,380,6655
"송파구","계","합계",591252,55026,19979,33067,1980,41746,20922,19203,1621,142952,119035,21465,2452,63432,49134,5318,1113,2783,5084,220501,179643,24663,1470,7416,7309,44463,34626,4934,3694,1209,13186,9181,1810,1990,205,9946
"강동구","계","합계",415370,42546,18994,21459,2093,37974,23440,12857,1677,126847,109477,14883,2487,51715,39983,4163,895,2320,4354,125722,99859,14133,881,5252,5597,18597,14187,2269,1586,555,3840,2190,805,777,68,8129
"부산광역시","계","합계",3240233,418610,238878,155419,24313,386115,270332,96134,19649,998370,860408,112911,25051,386826,308120,29880,4257,17275,27294,846466,609170,147625,5053,45086,39532,85128,61144,11695,10012,2277,26406,17036,3386,5572,412,92312
"동부","계","합계",3106826,399118,230002,145491,23625,371854,261253,91596,19005,958477,826496,107945,24036,367922,292372,29013,4059,16703,25775,814590,583583,144777,4886,43651,37693,82310,59056,11331,9737,2186,25651,16576,3251,5433,391,86904
"읍부","계","합계",118335,17089,7100,9473,516,11860,7080,4240,540,35038,29535,4598,905,17371,14489,783,182,495,1422,29198,23596,2527,151,1282,1642,2604,1909,346,258,91,692,422,118,131,21,4483
"면부","계","합계",15072,2403,1776,455,172,2401,1999,298,104,4855,4377,368,110,1533,1259,84,16,77,97,2678,1991,321,16,153,197,214,179,18,17,-,63,38,17,8,-,925
"중구","계","합계",42222,5489,3808,1216,465,5261,4021,912,328,15291,13790,1005,496,4695,3739,244,62,201,449,9358,6663,1468,46,542,639,654,447,106,84,17,189,97,38,47,7,1285
"서구","계","합계",106603,16492,10933,4120,1439,14598,10957,2594,1047,34766,30246,3335,1185,10538,8354,707,79,465,933,23087,15969,4504,166,1249,1199,2531,1702,518,242,69,667,366,126,159,16,3924
"동구","계","합계",84451,14071,10246,2765,1060,12010,9238,2015,757,27642,24337,2523,782,8823,7056,597,111,378,681,16758,12012,2719,57,976,994,1219,838,200,142,39,281,168,40,67,6,3647
"영도구","계","합계",123373,19069,13050,4480,1539,18576,14334,3019,1223,41066,35949,3899,1218,12171,9741,847,100,601,882,25687,14727,7817,92,1661,1390,1741,1108,426,174,33,574,342,120,101,11,4489
"부산진구","계","합계",356140,48056,29689,15157,3210,42686,31120,9236,2330,107367,93478,10973,2916,45866,36560,3934,493,1932,2947,91299,66107,15313,416,4778,4685,8557,6130,1202,1032,193,2216,1367,397,420,32,10093
"동래구","계","합계",249348,29580,15614,12690,1276,29248,19733,8202,1313,75583,64487,9392,1704,30012,24311,1927,306,1410,2058,68741,51972,9611,322,3736,3100,7964,5879,940,942,203,2503,1569,249,664,21,5717
"남구","계","합계",267427,36077,20897,13353,1827,31290,22138,7959,1193,77563,66910,9075,1578,27636,21961,2061,317,1206,2091,77215,52912,17003,388,3682,3230,7436,5179,1169,885,203,2863,1917,400,510,36,7347
"북구","계","합계",283560,35458,19710,13964,1784,34998,24101,9174,1723,94360,81006,11161,2193,36025,27519,3855,510,1895,2246,68140,48822,11342,489,4511,2976,5996,4295,834,654,213,1275,757,210,293,15,7308
"해운대구","계","합계",384835,44823,20527,22078,2218,39161,23416,13740,2005,109542,90417,16362,2763,44255,35522,3080,586,1936,3131,116668,90288,14861,813,5569,5137,15226,11665,1434,1676,451,5767,4133,458,1115,61,9393
"사하구","계","합계",313105,40187,21975,15363,2849,38014,26327,9730,1957,106241,91613,12014,2614,38694,30885,2953,381,1649,2826,73699,50386,14467,567,4480,3799,5489,3816,831,680,162,1381,803,268,310,-,9400
"금정구","계","합계",236264,27625,16466,9740,1419,26600,18586,6816,1198,65949,56256,8167,1526,24445,19556,1896,247,1197,1549,74026,47914,19237,362,3761,2752,8600,5569,1789,1082,160,2923,1845,358,664,56,6096
"강서구","계","합계",78317,10668,5051,5004,613,8843,6396,2106,341,22528,20208,1846,474,11034,9318,520,89,349,758,19890,16408,1837,102,739,804,2225,1491,209,452,73,520,240,85,166,29,2609
"연제구","계","합계",192757,23280,12694,9418,1168,22539,15513,5860,1166,56279,48669,6315,1295,23782,19056,1760,291,957,1718,54592,41126,8168,378,2708,2212,5639,4070,666,756,147,1672,1097,213,313,49,4974
"수영구","계","합계",164385,17091,9462,6535,1094,16495,11481,4091,923,48840,42727,4755,1358,20786,16806,1296,299,943,1442,49081,38230,5681,424,2208,2538,5962,4583,554,660,165,2147,1451,215,450,31,3983
"사상구","계","합계",224039,31152,19880,9608,1664,31535,23892,6142,1501,75460,66403,7123,1934,29160,21988,3336,188,1584,2064,46349,30047,10749,264,3051,2238,3071,2284,453,276,58,673,424,74,154,21,6639
"기장군","계","합계",133407,19492,8876,9928,688,14261,9079,4538,644,39893,33912,4966,1015,18904,15748,867,198,572,1519,31876,25587,2848,167,1435,1839,2818,2088,364,275,91,755,460,135,139,21,5408
"대구광역시","계","합계",2312684,315798,167827,131554,16417,264916,170773,80467,13676,664659,554423,94080,16156,345745,270823,32207,4041,16403,22271,564604,408965,93194,3380,34130,24935,67327,47787,9921,7908,1711,20890,13690,2572,4378,250,68745
"동부","계","합계",2141031,289692,154688,119970,15034,245370,157905,74658,12807,609978,507894,87212,14872,317554,248075,30329,3724,15047,20379,532398,385496,88717,3167,31848,23170,64258,45676,9337,7629,1616,20066,13292,2356,4187,231,61715
"읍부","계","합계",125260,18266,7955,9561,750,13894,8473,4767,654,40301,34241,5203,857,21791,17718,1409,226,1015,1423,24443,17852,3324,145,1799,1323,2261,1588,392,223,58,527,291,92,133,11,3777
"면부","계","합계",46393,7840,5184,2023,633,5652,4395,1042,215,14380,12288,1665,427,6400,5030,469,91,341,469,7763,5617,1153,68,483,442,808,523,192,56,37,297,107,124,58,8,3253
"중구","계","합계",73721,9490,6031,2816,643,8003,5812,1625,566,19887,17007,2305,575,10471,8524,653,156,470,668,19420,14954,2415,121,1032,898,3349,2121,868,282,78,892,546,133,194,19,2209
"동구","계","합계",318662,48321,29038,16912,2371,38583,27748,8721,2114,91984,79305,10444,2235,47311,37998,3698,608,1988,3019,71699,53608,9831,510,4144,3606,7717,5475,1158,890,194,2261,1302,343,573,43,10786
"서구","계","합계",192685,32064,22783,7033,2248,29884,23006,4876,2002,63617,55212,6423,1982,27985,21139,2749,328,1555,2214,28737,19186,5058,225,2580,1688,2040,1342,356,252,90,519,255,121,143,-,7839
"남구","계","합계",152815,20722,13848,5545,1329,18709,14140,3400,1169,47181,41333,4852,996,22355,17204,2444,177,1066,1464,34203,25166,5211,170,1995,1661,3717,2454,556,578,129,865,498,150,203,14,5063
"북구","계","합계",420646,58115,28988,26055,3072,46515,28308,15778,2429,121456,101349,16968,3139,70830,53572,8900,701,3234,4423,97863,65610,20849,649,6397,4358,10649,7007,2135,1240,267,2577,1426,402,698,51,12641
"수성구","계","합계",416678,49959,19444,28507,2008,40844,20020,19217,1607,99043,76162,20956,1925,48783,39111,3875,677,2320,2800,137663,106467,19180,603,6648,4765,21911,16434,2332,2650,495,9610,7123,721,1690,76,8865
"달서구","계","합계",565824,71021,34556,33102,3363,62832,38871,21041,2920,166810,137526,25264,4020,89819,70527,8010,1077,4414,5791,142813,100505,26173,889,9052,6194,14875,10843,1932,1737,363,3342,2142,486,686,28,14312
"달성군","계","합계",171653,26106,13139,11584,1383,19546,12868,5809,869,54681,46529,6868,1284,28191,22748,1878,317,1356,1892,32206,23469,4477,213,2282,1765,3069,2111,584,279,95,824,398,216,191,19,7030
"인천광역시","계","합계",2656908,332156,154963,158637,18556,278711,173647,89492,15572,965018,841200,102075,21743,366811,284074,31096,4839,17475,29327,568029,414322,83757,4659,33631,31660,64609,47039,9083,6340,2147,12085,7048,2549,2260,228,69489
"동부","계","합계",2579807,315524,142742,155607,17175,267265,164716,87682,14867,939360,818574,99617,21169,360253,279122,30734,4739,16976,28682,557577,406250,82871,4580,32991,30885,62858,45642,8905,6194,2117,11843,6905,2515,2197,226,65127
"읍부","계","합계",20040,3663,2164,1135,364,2942,2000,700,242,7569,6178,1210,181,1908,1420,158,2,155,173,2825,2158,275,13,159,220,391,320,32,39,-,29,19,5,5,-,713
"면부","계","합계",57061,12969,10057,1895,1017,8504,6931,1110,463,18089,16448,1248,393,4650,3532,204,98,344,472,7627,5914,611,66,481,555,1360,1077,146,107,30,213,124,29,58,2,3649
"중구","계","합계",101328,13322,5987,6545,790,10514,6519,3359,636,34898,29721,4313,864,13364,10853,788,208,428,1087,22734,18392,1732,197,960,1453,3059,2129,397,426,107,567,316,107,133,11,2870
"동구","계","합계",66093,11412,6875,3422,1115,8736,6220,1841,675,24180,21324,2217,639,8827,6954,683,139,340,711,9434,7049,1123,58,573,631,829,543,124,102,60,151,76,43,28,4,2524
"남구","계","합계",376858,47504,26334,18048,3122,43806,30767,10487,2552,147619,131525,12711,3383,48250,37449,4417,428,2244,3712,70692,47181,14611,416,4242,4242,6887,4673,1364,614,236,1514,912,377,219,6,10586
"연수구","계","합계",291450,31823,10275,20322,1226,24052,11493,11513,1046,90051,76043,12350,1658,38815,30667,3310,518,1716,2604,85375,60860,16607,684,4000,3224,12057,9398,1257,1005,397,3199,2128,539,466,66,6078
"남동구","계","합계",480300,58862,25923,30288,2651,47836,28889,16420,2527,177144,155227,18047,3870,67035,52800,5169,857,3045,5164,103362,76303,14143,1157,5974,5785,12211,9265,1473,1092,381,1991,1137,432,382,40,11859
"부평구","계","합계",506789,61338,30179,27152,4007,53548,34419,16013,3116,182904,159060,18929,4915,74229,56698,6691,857,3649,6334,108137,79704,14280,914,6926,6313,11447,7995,1933,1172,347,1816,974,424,359,59,13370
"계양구","계","합계",306108,34905,16126,17016,1763,32309,19577,10808,1924,116603,101637,12458,2508,45839,34370,4583,618,2438,3830,62566,44407,9518,402,4518,3721,5880,4163,955,571,191,886,429,248,177,32,7120
"서구","계","합계",450881,56358,21043,32814,2501,46464,26832,17241,2391,165961,144037,18592,3332,63894,49331,5093,1114,3116,5240,95277,72354,10857,752,5798,5516,10488,7476,1402,1212,398,1719,933,345,433,8,10720
"강화군","계","합계",59470,13352,9912,2385,1055,9048,7031,1436,581,19516,17001,2098,417,4698,3531,302,45,343,477,7881,6016,743,38,465,619,1339,1088,134,106,11,201,125,16,58,2,3435
"옹진군","계","합계",17631,3280,2309,645,326,2398,1900,374,124,6142,5625,360,157,1860,1421,60,55,156,168,2571,2056,143,41,175,156,412,309,44,40,19,41,18,18,5,-,927
"광주광역시","계","합계",1396682,176998,76908,92603,7487,142125,80767,55972,5386,402805,330606,64718,7481,178693,142681,15224,2568,7885,10335,397839,287767,72281,3143,20725,13923,43896,29650,7732,5419,1095,14329,9361,2330,2482,156,39997
"동구","계","합계",98279,12333,8063,3667,603,10886,7976,2479,431,24847,21259,3042,546,10058,8035,908,158,385,572,31394,21102,7740,232,1290,1030,4002,2396,1083,467,56,1659,1075,213,345,26,3100
"서구","계","합계",288072,33872,13434,18875,1563,28150,15235,11969,946,81124,65827,13953,1344,35478,29326,2371,502,1570,1709,89152,68850,12573,713,4326,2690,9917,7082,1342,1266,227,2789,1949,358,446,36,7590
"남구","계","합계",209072,27166,13821,12124,1221,22564,13815,7864,885,56711,45410,10113,1188,23326,18463,1828,334,1137,1564,61203,44609,10634,520,3252,2188,8660,6060,1342,1072,186,2862,1900,346,592,24,6580
"북구","계","합계",431006,52280,24729,25452,2099,43899,26073,16093,1733,124385,102916,19015,2454,55985,44146,5390,658,2547,3244,124233,87722,24675,974,6612,4250,13565,8739,2699,1773,354,4621,2842,982,777,20,12038
"광산구","계","합계",370253,51347,16861,32485,2001,36626,17668,17567,1391,115738,95194,18595,1949,53846,42711,4727,916,2246,3246,91857,65484,16659,704,5245,3765,7752,5373,1266,841,272,2398,1595,431,322,50,10689
"대전광역시","계","합계",1432320,184552,86750,89923,7879,141130,82971,51322,6837,392938,325306,58592,9040,170390,129512,18201,2245,8222,12210,403973,281089,84176,2405,19381,16922,70199,51691,10872,6248,1388,30595,20255,5797,4132,411,38543
"동구","계","합계",230764,34987,20815,12414,1758,27243,18728,7013,1502,69370,59608,7864,1898,31052,21719,5194,326,1266,2547,53775,33085,15024,272,2718,2676,5048,3573,795,553,127,1159,771,186,186,16,8130
"중구","계","합계",235672,34564,18768,13892,1904,27651,18088,7966,1597,69699,58597,9413,1689,27019,21540,2020,373,1368,1718,58812,44534,8059,344,2989,2886,8708,6404,1242,929,133,2247,1563,291,354,39,6972
"서구","계","합계",460532,53594,22415,29126,2053,42198,23089,17244,1865,125905,102539,20591,2775,56902,43998,5413,721,2757,4013,141270,102421,25535,669,6828,5817,22058,16983,2456,2172,447,7818,5249,1026,1412,131,10787
"유성구","계","합계",319448,35079,10260,23764,1055,22532,9279,12530,723,65053,51001,12823,1229,32684,24912,3488,597,1489,2198,108537,74100,25797,899,4195,3546,30081,21578,5656,2231,616,18402,12114,4075,2009,204,7080
"대덕구","계","합계",185904,26328,14492,10727,1109,21506,13787,6569,1150,62911,53561,7901,1449,22733,17343,2086,228,1342,1734,41579,26949,9761,221,2651,1997,4304,3153,723,363,65,969,558,219,171,21,5574
"울산광역시","계","합계",1065093,129065,57379,66484,5202,115727,71905,39389,4433,380205,326354,47151,6700,153435,121478,11667,1687,8319,10284,232130,171853,31740,1465,15992,11080,21472,15788,2721,2336,627,4744,3046,773,835,90,28315
"동부","계","합계",866578,101509,44474,53164,3871,94045,59088,31362,3595,311489,267373,38794,5322,127385,100776,9492,1486,6899,8732,190987,142701,24634,1219,13322,9111,16997,12657,1907,1915,518,3467,2314,424,645,84,20699
"읍부","계","합계",136440,18225,6717,10751,757,13528,6939,6134,455,46411,39201,6345,865,18824,15176,1349,154,1009,1136,31165,21663,5823,183,2052,1444,3413,2401,673,267,72,1090,601,336,153,-,3784
"면부","계","합계",62075,9331,6188,2569,574,8154,5878,1893,383,22305,19780,2012,513,7226,5526,826,47,411,416,9978,7489,1283,63,618,525,1062,730,141,154,37,187,131,13,37,6,3832
"중구","계","합계",220569,27538,14118,12164,1256,25796,17122,7523,1151,79214,68026,9603,1585,30579,23884,2599,328,1631,2137,46671,35308,5476,226,3403,2258,4528,3449,418,491,170,763,545,91,106,21,5480
"남구","계","합계",316544,32641,13468,18101,1072,32004,18979,11782,1243,108779,92905,14063,1811,45174,35399,3731,603,2696,2745,81258,59879,12268,547,5159,3405,8014,6098,882,854,180,2076,1388,227,422,39,6598
"동구","계","합계",158308,20311,9933,9620,758,19415,13877,4960,578,58998,51817,6224,957,23974,19495,1366,238,1047,1828,29462,22311,3138,255,2068,1690,2042,1474,261,222,85,248,163,57,24,4,3858
"북구","계","합계",171157,21019,6955,13279,785,16830,9110,7097,623,64498,54625,8904,969,27658,21998,1796,317,1525,2022,33596,25203,3752,191,2692,1758,2413,1636,346,348,83,380,218,49,93,20,4763
"울주군","계","합계",198515,27556,12905,13320,1331,21682,12817,8027,838,68716,58981,8357,1378,26050,20702,2175,201,1420,1552,41143,29152,7106,246,2670,1969,4475,3131,814,421,109,1277,732,349,190,6,7616
"세종특별자치시","계","합계",182967,29213,12878,15161,1174,15599,8402,6613,584,40501,34001,5733,767,20540,15778,2593,266,753,1150,54478,39308,11081,420,1857,1812,11482,8932,1282,1014,254,4082,2675,501,804,102,7072
"동부","계","합계",88510,12591,1710,10682,199,5841,1409,4276,156,13884,10563,3101,220,10043,8581,427,156,274,605,31413,27465,1792,270,901,985,9044,7262,782,784,216,3373,2295,326,656,96,2321
"읍부","계","합계",48481,6926,3625,2955,346,4090,2552,1364,174,12916,11098,1579,239,5048,4019,418,69,262,280,16257,6659,8497,111,508,482,1476,976,305,173,22,474,248,123,103,-,1294
"면부","계","합계",45976,9696,7543,1524,629,5668,4441,973,254,13701,12340,1053,308,5449,3178,1748,41,217,265,6808,5184,792,39,448,345,962,694,195,57,16,235,132,52,45,6,3457
"세종시","계","합계",182967,29213,12878,15161,1174,15599,8402,6613,584,40501,34001,5733,767,20540,15778,2593,266,753,1150,54478,39308,11081,420,1857,1812,11482,8932,1282,1014,254,4082,2675,501,804,102,7072
"경기도","계","합계",11285851,1397534,586875,743531,67128,1079562,611996,412823,54743,3648359,3116050,456532,75777,1489393,1146450,137298,21532,68801,115312,2860739,2194436,368393,21445,140445,136020,414941,317849,46801,37820,12471,90741,59179,13583,15784,2195,304582
"동부","계","합계",9402258,1107675,431507,627001,49167,864660,470725,351047,42888,2976323,2529855,385801,60667,1250469,966717,113311,17960,57785,94696,2522868,1943759,325950,18717,120215,114227,372374,287135,41344,32936,10959,82531,54157,12299,14098,1977,225358
"읍부","계","합계",1131087,165024,72982,83412,8630,121731,73009,42053,6669,407723,354296,44308,9119,149677,114912,12631,2153,6955,13026,218306,164178,25561,1814,12762,13991,26632,19402,3021,3125,1084,4781,2823,799,1027,132,37213
"면부","계","합계",752506,124835,82386,33118,9331,93171,68262,19723,5186,264313,231899,26423,5991,89247,64821,11356,1419,4061,7590,119565,86499,16882,914,7468,7802,15935,11312,2436,1759,428,3429,2199,485,659,86,42011
"수원시","계","합계",1079611,120043,45640,69393,5010,94066,50126,39569,4371,335801,283724,45289,6788,138877,109016,11687,1864,6350,9960,306283,228765,48750,2250,14496,12022,48521,36704,6596,4100,1121,11344,6955,2064,2049,276,24676
"장안구","계","합계",276565,31714,12885,17416,1413,25632,14163,10354,1115,86769,72614,12234,1921,36014,27620,3372,515,1817,2690,75250,53050,14684,481,3879,3156,10881,7501,2055,1068,257,2694,1398,669,557,70,7611
"권선구","계","합계",316470,35570,14500,19565,1505,29200,17060,10665,1475,111583,96511,12585,2487,44678,35182,3733,456,1948,3359,76475,57270,10475,553,4451,3726,9696,7382,1185,818,311,2119,1255,396,411,57,7149
"팔달구","계","합계",182091,21578,11159,9070,1349,18330,11830,5375,1125,62790,54969,6352,1469,21570,16973,1827,261,928,1581,44696,33982,6363,298,2076,1977,6753,5077,858,683,135,1580,996,254,264,66,4794
"영통구","계","합계",304485,31181,7096,23342,743,20904,7073,13175,656,74659,59630,14118,911,36615,29241,2755,632,1657,2330,109862,84463,17228,918,4090,3163,21191,16744,2498,1531,418,4951,3306,745,817,83,5122
"성남시","계","합계",875449,98544,43925,49492,5127,78789,45001,29273,4515,232082,193450,32678,5954,99345,76168,9589,1419,4388,7781,277446,222525,31822,1981,10673,10445,55322,44403,4955,4678,1286,14775,10463,1754,2226,332,19146
"수정구","계","합계",202743,27277,16423,8994,1860,23605,16705,5291,1609,68650,60427,6093,2130,27623,20719,2998,276,1172,2458,43883,31677,6996,370,2314,2526,4794,3415,674,577,128,919,576,161,157,25,5992
"중원구","계","합계",227529,30943,17753,11280,1910,27841,19365,6655,1821,81985,72050,7470,2465,31974,24028,3496,408,1442,2600,42440,31313,5530,347,2690,2560,5096,3878,642,460,116,790,473,141,164,12,6460
"분당구","계","합계",445177,40324,9749,29218,1357,27343,8931,17327,1085,81447,60973,19115,1359,39748,31421,3095,735,1774,2723,191123,159535,19296,1264,5669,5359,45432,37110,3639,3641,1042,13066,9414,1452,1905,295,6694
"의정부시","계","합계",394339,50288,23720,23514,3054,42389,25866,14103,2420,146862,127722,16060,3080,52297,40656,4633,691,2322,3995,81266,59421,11401,621,4700,5123,8421,6187,1154,776,304,1477,836,278,342,21,11339
"안양시","계","합계",545148,58765,24745,31178,2842,50319,28718,19315,2286,161422,136541,21702,3179,72837,55941,7306,1081,3582,4927,161348,126211,20159,1135,7575,6268,23971,18761,2673,1934,603,5206,3286,932,888,100,11280
"만안구","계","합계",226796,26022,13667,10905,1450,23554,15500,6861,1193,77227,67481,8130,1616,32004,24084,3466,424,1711,2319,54215,40460,7650,412,3025,2668,6819,5244,922,493,160,1312,738,301,243,30,5643
"동안구","계","합계",318352,32743,11078,20273,1392,26765,13218,12454,1093,84195,69060,13572,1563,40833,31857,3840,657,1871,2608,107133,85751,12509,723,4550,3600,17152,13517,1751,1441,443,3894,2548,631,645,70,5637
"부천시","계","합계",775562,88355,41228,42309,4818,77810,48718,25034,4058,271180,235806,29321,6053,113037,86923,10589,1379,5696,8450,181057,135697,24110,1374,10216,9660,21082,15818,2796,1865,603,3679,2081,703,826,69,19362
"원미구","계","합계",404292,43095,18795,22286,2014,38126,23081,13247,1798,132117,114051,15279,2787,60009,46638,5421,774,2788,4388,105968,80502,14093,933,5315,5125,13097,10083,1495,1113,406,2386,1460,408,475,43,9494
"소사구","계","합계",202485,24016,11784,10848,1384,21150,13757,6232,1161,68046,59450,7127,1469,29730,23310,2673,307,1458,1982,48011,36518,6049,273,2741,2430,5684,4073,959,535,117,912,440,193,265,14,4936
"오정구","계","합계",168785,21244,10649,9175,1420,18534,11880,5555,1099,71017,62305,6915,1797,23298,16975,2495,298,1450,2080,27078,18677,3968,168,2160,2105,2301,1662,342,217,80,381,181,102,86,12,4932
"광명시","계","합계",310906,40189,16952,20945,2292,32172,19364,11017,1791,99027,84798,12028,2201,42871,33656,3661,624,1896,3034,78063,60750,9339,691,3752,3531,9748,7358,1151,898,341,1380,836,266,236,42,7456
"평택시","계","합계",407083,58007,26694,27941,3372,42469,24804,15561,2104,154068,133585,17426,3057,53301,40609,4894,752,2558,4488,77155,57053,10189,429,5091,4393,8346,6381,975,822,168,1315,812,243,211,49,12422
"동두천시","계","합계",88100,13680,7405,5251,1024,11110,7058,3033,1019,35756,30916,3844,996,10333,7734,941,136,561,961,12249,8580,1571,80,955,1063,1145,845,164,103,33,223,137,34,44,8,3604
"안산시","계","합계",645887,73169,30392,39479,3298,66008,37986,24981,3041,256729,221239,29912,5578,92829,67727,11641,1271,4797,7393,126759,88059,21845,896,8839,7120,12160,8850,1818,1127,365,2400,1359,539,380,122,15833
"상록구","계","합계",351105,38357,15585,20993,1779,34565,19650,13271,1644,138450,119367,16076,3007,49697,36503,5696,618,2655,4225,73174,49639,13811,494,5029,4201,7015,4922,1162,703,228,1513,842,350,249,72,8334
"단원구","계","합계",294782,34812,14807,18486,1519,31443,18336,11710,1397,118279,101872,13836,2571,43132,31224,5945,653,2142,3168,53585,38420,8034,402,3810,2919,5145,3928,656,424,137,887,517,189,131,50,7499
"고양시","계","합계",919616,99176,36335,58499,4342,74188,35456,34897,3835,268625,225003,38627,4995,116343,90232,9747,1943,5576,8845,290121,229056,32470,2275,12828,13492,42425,32085,4676,4206,1458,8906,5528,1457,1734,187,19832
"덕양구","계","합계",394207,45535,19528,23603,2404,34558,19014,13544,2000,125934,108586,14744,2604,51900,40064,4625,826,2409,3976,108745,84870,12662,891,4962,5360,14738,11191,1705,1376,466,2723,1582,558,547,36,10074
"일산동구","계","합계",258521,25330,8569,15731,1030,18801,8120,9661,1020,70734,58097,11232,1405,31815,24465,2448,585,1602,2715,89210,70535,9816,746,3935,4178,14156,10528,1570,1575,483,3517,2165,509,755,88,4958
"일산서구","계","합계",266888,28311,8238,19165,908,20829,8322,11692,815,71957,58320,12651,986,32628,25703,2674,532,1565,2154,92166,73651,9992,638,3931,3954,13531,10366,1401,1255,509,2666,1781,390,432,63,4800
"과천시","계","합계",61155,5957,1864,3913,180,4040,1540,2371,129,12338,9375,2755,208,5414,4122,514,91,246,441,24778,19947,2928,154,917,832,5665,4511,502,527,125,1859,1323,206,293,37,1104
"구리시","계","합계",168563,21048,9780,10330,938,17398,10421,6135,842,54730,46582,7158,990,21475,16573,2015,247,1079,1561,43179,33030,5590,245,2344,1970,5443,3991,699,541,212,975,634,191,134,16,4315
"남양주시","계","합계",580248,77692,31212,42955,3525,59933,34477,22295,3161,194278,167421,22685,4172,76929,58735,6471,1199,3887,6637,133939,102897,15459,1108,6774,7701,17159,12788,1923,1803,645,3433,2336,473,540,84,16885
"오산시","계","합계",187092,23940,7846,15207,887,17436,9615,6983,838,68152,59008,7747,1397,29130,23123,2203,407,1224,2173,38319,28916,4903,344,2023,2133,4380,3464,439,312,165,741,522,79,125,15,4994
"시흥시","계","합계",365191,43682,16784,25325,1573,37340,21091,14552,1697,148540,129072,16387,3081,55609,41451,6037,643,2735,4743,64973,44183,11008,597,4872,4313,5315,3807,826,518,164,831,517,185,115,14,8901
"군포시","계","합계",259008,29356,11074,16858,1424,22913,12350,9361,1202,74789,63152,10108,1529,37085,28959,3001,615,1794,2716,75516,59843,8349,694,3369,3261,11338,8952,1117,918,351,1981,1238,269,410,64,6030
"의왕시","계","합계",144010,15126,6092,8396,638,12102,6685,4728,689,41511,34289,6474,748,19103,14517,2057,250,1003,1276,43985,34571,5163,386,2110,1755,7102,5544,749,610,199,1665,1073,248,296,48,3416
"하남시","계","합계",143122,18475,8852,8745,878,14918,9641,4378,899,47810,42073,4880,857,18846,14785,1505,280,870,1406,34291,26998,3808,193,1559,1733,4180,3192,511,395,82,780,485,125,158,12,3822
"용인시","계","합계",885189,101418,30200,68422,2796,67310,29283,35445,2582,213790,174473,35509,3808,102779,81059,7775,1848,4481,7616,308941,242698,42720,2343,10514,10666,56184,43892,5922,4626,1744,14314,10184,1497,2280,353,20453
"처인구","계","합계",208909,28603,14225,13037,1341,21428,13017,7339,1072,71589,60835,8965,1789,27325,20663,2677,416,1301,2268,45756,29322,11272,354,2453,2355,6081,3735,1623,529,194,1149,704,179,208,58,6978
"기흥구","계","합계",370442,42075,10432,30749,894,26450,10469,14978,1003,85482,70275,13876,1331,44728,35947,2832,849,1864,3236,133476,106851,16792,1044,4270,4519,24190,19280,2202,1896,812,6078,4411,562,969,136,7963
"수지구","계","합계",305838,30740,5543,24636,561,19432,5797,13128,507,56719,43363,12668,688,30726,24449,2266,583,1316,2112,129709,106525,14656,945,3791,3792,25913,20877,2097,2201,738,7087,5069,756,1103,159,5512
"파주시","계","합계",374110,52471,22307,27507,2657,35389,19873,13616,1900,129290,112023,14849,2418,53933,41726,5083,752,2115,4257,78990,62041,7090,625,4186,5048,10312,7992,980,980,360,1897,1100,313,412,72,11828
"이천시","계","합계",188356,29284,15366,12566,1352,20961,12490,7464,1007,67448,57927,8268,1253,28038,20576,3936,272,1146,2108,30995,23768,3502,177,1911,1637,4152,3320,386,384,62,673,423,85,146,19,6805
"안성시","계","합계",172374,26625,14303,10793,1529,19007,12107,5756,1144,57664,49936,6378,1350,21719,15578,3413,253,819,1656,34596,23565,7360,179,1771,1721,3873,2867,404,402,200,718,442,131,129,16,8172
"김포시","계","합계",306087,39669,14942,23058,1669,28571,16001,11173,1397,96101,82737,11590,1774,41393,32732,2760,656,1750,3495,79330,64226,6944,582,3591,3987,10455,7598,1253,1148,456,2110,1311,360,399,40,8458
"화성시","계","합계",518222,74826,25057,47075,2694,47122,23974,21209,1939,163042,138979,21121,2942,73566,58981,5466,1212,2475,5432,120764,95164,13626,978,5409,5587,18646,14334,1821,1803,688,4233,2963,546,615,109,16023
"광주시","계","합계",275454,35365,15897,17689,1779,28621,17965,9228,1428,96362,84270,9914,2178,40628,31022,3603,634,1696,3673,58005,44975,5733,570,3068,3659,7456,5259,895,1017,285,1682,1049,270,319,44,7335
"양주시","계","합계",184032,27828,13115,13305,1408,21814,13285,7140,1389,69463,60534,7358,1571,23556,18028,1905,368,996,2259,30750,22425,3844,195,2027,2259,3377,2458,430,306,183,561,337,84,116,24,6683
"포천시","계","합계",140287,23471,13681,7946,1844,18597,12656,4936,1005,53418,46888,5250,1280,15197,11010,1576,131,1036,1444,20205,12856,4247,54,1620,1428,2050,1479,304,221,46,249,138,41,64,6,7100
"여주시","계","합계",100441,17574,10547,5879,1148,12943,8904,3368,671,34968,30069,4171,728,12925,9288,2044,147,638,808,14783,11173,1467,69,1096,978,1645,1260,169,143,73,314,208,36,69,1,5289
"연천군","계","합계",40508,7850,5157,1881,812,5629,4016,1219,394,13868,12048,1357,463,4320,3307,267,61,339,346,5136,3647,472,44,602,371,680,462,108,72,38,73,30,33,10,-,2952
"가평군","계","합계",55163,9599,6133,2595,871,7132,4883,1834,415,18650,16196,1968,486,5510,4245,351,68,289,557,8986,6917,744,68,660,597,1320,891,122,281,26,228,125,40,59,4,3738
"양평군","계","합계",95538,16062,9630,5085,1347,11066,7642,2849,575,30595,26214,3718,663,10168,7971,628,238,457,874,18531,14479,1780,108,897,1267,3068,2396,283,304,85,719,448,101,159,11,5329
"강원도","계","합계",1427065,247280,149773,78422,19085,172301,112977,48418,10906,424333,358095,55098,11140,154685,119017,13768,2005,8150,11745,308453,206545,65360,1826,18885,15837,36759,26437,5168,4113,1041,9391,6276,1384,1593,138,73863
"동부","계","합계",863846,128014,66886,52341,8787,98340,59238,33023,6079,260669,217836,35906,6927,98084,76819,8222,1234,4767,7042,214123,144473,46778,1182,11604,10086,25572,18330,3644,2880,718,6982,4737,989,1167,89,32062
"읍부","계","합계",247031,49441,31606,13381,4454,32254,21983,8174,2097,76924,64790,10217,1917,27524,20615,2744,285,1619,2261,40258,27631,6099,223,3690,2615,4612,3299,644,513,156,649,372,159,112,6,15369
"면부","계","합계",316188,69825,51281,12700,5844,41707,31756,7221,2730,86740,75469,8975,2296,29077,21583,2802,486,1764,2442,54072,34441,12483,421,3591,3136,6575,4808,880,720,167,1760,1167,236,314,43,26432
"춘천시","계","합계",263574,36664,19249,15066,2349,27297,16078,9433,1786,75794,63216,10689,1889,28809,21787,3190,406,1385,2041,71407,46161,18180,497,3599,2970,10829,7256,1893,1400,280,3129,1959,517,603,50,9645
"원주시","계","합계",309279,45683,23448,19534,2701,34221,20420,11671,2130,94813,79765,12614,2434,36838,28765,3175,489,1642,2767,74774,50725,16256,338,3848,3607,9007,6740,1152,836,279,2380,1595,400,356,29,11563
"강릉시","계","합계",204391,33312,20227,10600,2485,23847,15564,6998,1285,57211,47873,7753,1585,21578,16363,2362,224,1066,1563,51588,31849,14486,312,2683,2258,5341,3865,659,647,170,1850,1386,161,293,10,9664
"동해시","계","합계",84688,15242,8781,5310,1151,10773,7073,3094,606,27600,23530,3428,642,8344,6479,515,79,560,711,16392,12300,1655,71,1169,1197,1388,1078,137,140,33,388,223,75,75,15,4561
"태백시","계","합계",43867,8982,5730,2401,851,6078,4097,1518,463,12830,10618,1711,501,5339,4223,479,73,206,358,6849,5171,888,65,408,317,804,587,119,78,20,99,54,13,29,3,2886
"속초시","계","합계",74724,11853,6512,4351,990,10388,6758,2986,644,25636,21780,3185,671,9056,7569,463,98,382,544,13684,10606,1277,63,982,756,1297,1000,130,130,37,252,203,10,32,7,2558
"삼척시","계","합계",66080,12697,8293,2995,1409,8105,5781,1805,519,18474,15666,2183,625,4949,3685,389,122,319,434,15684,8393,5508,55,977,751,952,678,109,132,33,270,199,40,24,7,4949
"홍천군","계","합계",63220,14134,9952,3137,1045,9032,6412,2127,493,19271,16352,2479,440,5695,4557,374,47,269,448,8806,6628,789,73,681,635,1158,822,165,134,37,191,130,35,24,2,4933
"횡성군","계","합계",40461,9373,6959,1759,655,5330,4028,967,335,12032,10048,1711,273,4097,2836,752,69,188,252,5484,4084,597,42,421,340,640,518,68,41,13,150,119,8,23,-,3355
"영월군","계","합계",35305,8585,6286,1480,819,4677,3387,914,376,10293,8620,1380,293,3523,2576,483,62,163,239,4631,3550,360,57,365,299,503,394,41,52,16,82,54,11,17,-,3011
"평창군","계","합계",38468,8991,6463,1919,609,5041,3702,1080,259,11192,9783,1184,225,3705,2990,110,63,233,309,5588,4452,310,49,446,331,512,354,56,82,20,144,87,3,46,8,3295
"정선군","계","합계",34900,8501,6252,1527,722,4855,3653,897,305,9235,7842,1063,330,3372,2744,177,48,153,250,5017,4086,289,32,345,265,590,452,41,70,27,93,68,16,8,1,3237
"철원군","계","합계",42812,8525,5331,2359,835,5852,4019,1435,398,13794,11859,1596,339,5045,3663,325,28,483,546,6364,4185,765,57,876,481,808,563,124,99,22,89,46,30,13,-,2335
"화천군","계","합계",23665,4238,2539,1206,493,2754,1807,713,234,6905,6104,660,141,3333,2246,342,50,362,333,4171,2622,612,20,518,399,600,430,102,60,8,70,32,14,24,-,1594
"양구군","계","합계",20787,3774,2287,1109,378,2548,1710,639,199,6588,5437,995,156,2534,1866,225,19,194,230,3391,2306,279,18,495,293,493,364,93,33,3,69,28,33,2,6,1390
"인제군","계","합계",28935,5553,3485,1621,447,3567,2535,760,272,8413,7327,928,158,3557,2807,134,57,270,289,5125,3881,341,28,463,412,982,693,174,94,21,57,44,7,6,-,1681
"고성군","계","합계",27271,5802,4157,1030,615,3992,2991,680,321,7364,6321,808,235,2358,1773,152,32,171,230,5702,2546,2557,19,361,219,427,314,56,41,16,43,34,-,9,-,1583
"양양군","계","합계",24638,5371,3822,1018,531,3944,2962,701,281,6888,5954,731,203,2553,2088,121,39,104,201,3796,3000,211,30,248,307,428,329,49,44,6,35,15,11,9,-,1623
"충청북도","계","합계",1462657,245253,144313,85559,15381,167170,108081,50558,8531,459777,389354,60291,10132,167653,131292,14058,2401,7861,12041,305806,207075,65986,2180,16827,13738,38429,27564,5317,4630,918,9759,6104,1448,2047,160,68810
"동부","계","합계",882572,124647,62209,55943,6495,92822,54284,33917,4621,283708,238123,39459,6126,110163,86277,9128,1683,5262,7813,211421,142578,47019,1567,11517,8740,26157,18531,3742,3207,677,6618,4156,953,1417,92,27036
"읍부","계","합계",280311,49033,27148,18813,3072,32602,21236,9579,1787,89541,75084,12785,1672,33714,26580,2965,395,1456,2318,52269,37544,8758,373,2854,2740,7284,5506,796,854,128,1910,1126,333,398,53,13958
"면부","계","합계",299774,71573,54956,10803,5814,41746,32561,7062,2123,86528,76147,8047,2334,23776,18435,1965,323,1143,1910,42116,26953,10209,240,2456,2258,4988,3527,779,569,113,1231,822,162,232,15,27816
"충주시","계","합계",196466,35510,22516,10654,2340,23502,15606,6693,1203,59803,50465,7746,1592,17966,14130,1058,317,966,1495,44702,27497,12369,167,2580,2089,4331,3122,524,554,131,1125,711,98,295,21,9527
"제천시","계","합계",128498,23891,15425,6650,1816,16425,11192,4296,937,39509,33340,5142,1027,14334,10991,1358,220,756,1009,24895,14728,7536,186,1447,998,2336,1618,358,269,91,519,356,76,77,10,6589
"청주시","계","합계",767745,107122,52062,49859,5201,76774,44730,28364,3680,241960,203889,33266,4805,100232,78755,8648,1442,4409,6978,183663,128335,36845,1506,9262,7715,26030,18518,3806,3121,585,6951,4293,1076,1490,92,25013
"상당구","계","합계",161402,25011,13647,10023,1341,17653,10392,6378,883,51325,42270,7887,1168,20214,15835,1723,393,943,1320,35236,25820,5225,315,2183,1693,4736,3561,528,554,93,957,587,127,224,19,6270
"서원구","계","합계",206732,28371,13640,13428,1303,20291,11603,7729,959,62415,52322,8915,1178,24909,19426,2209,331,1175,1768,55210,35977,14407,424,2525,1877,7316,4963,1302,882,169,2018,1304,298,404,12,6202
"흥덕구","계","합계",234277,29942,13577,15092,1273,23034,13175,8884,975,77156,65987,9755,1414,32333,25520,2716,403,1402,2292,53916,38108,10201,409,2795,2403,8560,6055,1293,1049,163,2851,1765,436,620,30,6485
"청원구","계","합계",165334,23798,11198,11316,1284,15796,9560,5373,863,51064,43310,6709,1045,22776,17974,2000,315,889,1598,39301,28430,7012,358,1759,1742,5418,3939,683,636,160,1125,637,215,242,31,6056
"보은군","계","합계",30948,8379,6408,1216,755,4570,3387,906,277,8745,7511,990,244,2501,1975,138,18,155,215,3107,2442,177,6,275,207,421,317,29,68,7,42,24,10,8,-,3183
"옥천군","계","합계",47791,10458,7276,2211,971,7088,5352,1385,351,14497,12608,1649,240,4714,3507,653,41,195,318,5749,4273,679,48,431,318,692,505,78,92,17,135,70,30,27,8,4458
"영동군","계","합계",47084,10578,7968,1919,691,6991,5422,1181,388,14712,11799,2630,283,3271,2517,278,64,198,214,6919,4188,1798,43,495,395,841,603,93,127,18,119,93,17,9,-,3653
"진천군","계","합계",61031,11289,7012,3603,674,7503,5030,2029,444,22877,19808,2630,439,6711,5306,472,67,324,542,8201,6115,994,34,554,504,761,573,92,88,8,185,115,22,38,10,3504
"괴산군","계","합계",36015,8800,6820,1136,844,5143,3986,879,278,9537,8171,1005,361,2385,1810,143,53,134,245,5981,3095,2358,35,251,242,644,488,82,61,13,145,72,58,15,-,3380
"음성군","계","합계",86751,16654,10708,4776,1170,11338,7701,3085,552,29527,25562,3295,670,9342,7225,935,132,453,597,12951,9558,1592,77,923,801,1296,1048,103,116,29,346,240,51,36,19,5297
"단양군","계","합계",27545,6579,4834,1269,476,4128,3192,705,231,8176,7090,864,222,2186,1832,87,8,108,151,3467,2721,240,45,269,192,436,316,50,65,5,70,46,5,19,-,2503
"증평군","계","합계",32783,5993,3284,2266,443,3708,2483,1035,190,10434,9111,1074,249,4011,3244,288,39,163,277,6171,4123,1398,33,340,277,641,456,102,69,14,122,84,5,33,-,1703
"충청남도","계","합계",1919125,349857,212464,116493,20900,213779,138371,65927,9481,602589,513577,77087,11925,218785,175251,16118,3248,9661,14507,373009,253576,80342,2380,19745,16966,45051,33254,5725,4931,1141,10075,6634,1387,1827,227,105980
"동부","계","합계",852194,118545,51406,62147,4992,83460,44734,35151,3575,282915,238870,38789,5256,111253,89558,7442,1772,4943,7538,199816,140746,38752,1219,10123,8976,25329,18494,3521,2614,700,5974,4188,799,890,97,24902
"읍부","계","합계",446387,81648,48220,28362,5066,52861,34454,16010,2397,146511,123897,19767,2847,53002,42248,4533,695,2312,3214,78809,55060,14828,520,4555,3846,8678,6548,974,960,196,1791,1132,240,347,72,23087
"면부","계","합계",620544,149664,112838,25984,10842,77458,59183,14766,3509,173163,150810,18531,3822,54530,43445,4143,781,2406,3755,94384,57770,26762,641,5067,4144,11044,8212,1230,1357,245,2310,1314,348,590,58,57991
"천안시","계","합계",567372,73860,31955,38331,3574,52795,28681,21716,2398,190630,163366,23983,3281,71907,57103,5376,1069,3144,5215,141822,94392,33371,981,6672,6406,16673,12054,2636,1500,483,4546,3155,654,661,76,15139
"동남구","계","합계",251833,34448,16848,15910,1690,24043,14068,8817,1158,83381,71013,10857,1511,29011,22991,2240,422,1320,2038,63818,38850,18876,402,2773,2917,7100,4990,1203,722,185,1829,1216,300,290,23,8203
"서북구","계","합계",315539,39412,15107,22421,1884,28752,14613,12899,1240,107249,92353,13126,1770,42896,34112,3136,647,1824,3177,78004,55542,14495,579,3899,3489,9573,7064,1433,778,298,2717,1939,354,371,53,6936
"공주시","계","합계",107216,22419,15659,5208,1552,12587,8819,3190,578,31609,25623,5209,777,9282,7300,801,168,413,600,19740,11200,6680,132,1058,670,3117,2182,485,375,75,809,512,61,207,29,7653
"보령시","계","합계",94396,21725,14925,5114,1686,12489,8864,2961,664,28759,24748,3288,723,10045,7786,1123,72,397,667,12405,9945,863,70,886,641,1670,1258,117,275,20,217,117,40,60,-,7086
"아산시","계","합계",279481,41459,20025,19806,1628,27209,16372,9646,1191,94058,81740,10685,1633,35887,29440,2074,619,1254,2500,62491,40509,16463,320,2600,2599,6349,4710,741,725,173,1513,982,176,322,33,10515
"서산시","계","합계",154053,29788,17635,10376,1777,17424,10845,5959,620,47690,40681,6068,941,19155,15964,844,302,936,1109,27536,20713,3784,117,1492,1430,2784,2070,314,328,72,485,335,87,62,1,9191
"논산시","계","합계",115039,24936,17021,5884,2031,15035,10542,3722,771,36035,29604,5520,911,9403,7290,745,139,544,685,18493,12070,4116,97,1249,961,1877,1379,270,213,15,290,184,37,57,12,8970
"계룡시","계","합계",36712,4916,1363,3358,195,3078,1115,1869,94,9114,7172,1764,178,4068,3336,210,66,204,252,10267,8094,1153,89,523,408,3459,2699,285,406,69,713,408,121,174,10,1097
"당진시","계","합계",145837,27342,16737,9300,1305,16530,11145,4779,606,47673,41734,5025,914,21134,17450,1482,236,717,1249,22079,17048,2548,146,1305,1032,2428,1867,223,258,80,423,269,48,76,30,8228
"금산군","계","합계",52142,12355,9157,2295,903,6854,4862,1640,352,14970,12863,1823,284,3835,3061,231,95,194,254,8589,4481,3121,22,506,459,671,455,106,84,26,163,75,21,43,24,4705
"부여군","계","합계",65064,17321,13295,2837,1189,9173,6896,1823,454,17767,14976,2421,370,4835,3961,226,77,289,282,7484,5042,1357,34,599,452,903,628,104,147,24,158,110,27,21,-,7423
"서천군","계","합계",51510,13187,10024,1983,1180,7212,5436,1465,311,14679,12262,1963,454,3723,3090,147,43,214,229,6056,4840,402,18,505,291,816,631,104,62,19,130,91,20,19,-,5707
"청양군","계","합계",29920,8276,6464,1066,746,3668,2737,706,225,8124,6701,1221,202,2903,2233,293,42,162,173,2577,1995,175,25,212,170,349,201,18,123,7,42,20,5,17,-,3981
"홍성군","계","합계",87628,18787,12550,4894,1343,11043,7785,2783,475,23379,19336,3511,532,10536,7576,1779,115,499,567,15286,10412,3356,122,815,581,1893,1473,137,239,44,285,148,58,79,-,6419
"예산군","계","합계",76682,18215,13799,3372,1044,10833,8213,2154,466,22197,18955,2901,341,7668,6118,600,78,452,420,10862,7685,1782,103,818,474,1358,1108,126,105,19,203,158,19,17,9,5346
"태안군","계","합계",56073,15271,11855,2669,747,7849,6059,1514,276,15905,13816,1705,384,4404,3543,187,127,242,305,7322,5150,1171,104,505,392,704,539,59,91,15,98,70,13,12,3,4520
"전라북도","계","합계",1711429,291513,174353,98456,18704,199399,129127,61399,8873,507201,422685,73643,10873,170233,132253,16904,2077,8630,10369,380752,268308,72726,2193,21576,15949,44374,31654,6364,5478,878,13548,9056,1734,2661,97,104409
"동부","계","합계",1207515,167507,81077,78354,8076,130774,77068,48242,5464,371626,306804,57351,7471,133348,103838,13584,1704,6476,7746,314158,221941,61500,1700,16623,12394,37274,26565,5380,4623,706,11642,7845,1445,2267,85,41186
"읍부","계","합계",143528,28600,17562,8735,2303,17503,11817,4823,863,43553,35915,6813,825,14545,11030,1623,155,729,1008,24607,16927,4484,223,1718,1255,2419,1683,388,296,52,431,249,77,105,-,11870
"면부","계","합계",360386,95406,75714,11367,8325,51122,40242,8334,2546,92022,79966,9479,2577,22340,17385,1697,218,1425,1615,41987,29440,6742,270,3235,2300,4681,3406,596,559,120,1475,962,212,289,12,51353
"전주시","계","합계",616127,79979,36355,39745,3879,61981,34581,24948,2452,176536,143613,29399,3524,67345,51432,7179,967,3441,4326,180881,129041,34113,1077,9382,7268,24169,16878,3566,3280,445,7871,5342,904,1573,52,17365
"완산구","계","합계",345386,43262,19456,21723,2083,33919,18345,14273,1301,97732,78071,17657,2004,36856,27979,4185,496,1964,2232,104980,76986,18141,620,5344,3889,14115,10255,1636,1953,271,4898,3439,520,905,34,9624
"덕진구","계","합계",270741,36717,16899,18022,1796,28062,16236,10675,1151,78804,65542,11742,1520,30489,23453,2994,471,1477,2094,75901,52055,15972,457,4038,3379,10054,6623,1930,1327,174,2973,1903,384,668,18,7741
"군산시","계","합계",252615,38104,20900,15246,1958,29964,19620,9012,1332,82956,70938,10219,1799,27825,22756,2090,249,1304,1426,56691,40320,11288,242,2646,2195,5154,3898,649,483,124,1544,1038,223,269,14,10377
"익산시","계","합계",281899,43322,25033,16324,1965,33730,22010,10247,1473,91098,76506,12867,1725,28408,21729,3559,321,1321,1478,63956,41492,16320,324,3566,2254,6752,4846,1069,710,127,1972,1302,302,353,15,12661
"정읍시","계","합계",103248,21816,15065,5252,1499,14041,9952,3483,606,30935,25672,4532,731,10064,8021,888,162,466,527,14889,10887,2046,69,1121,766,1438,1016,211,172,39,319,181,49,77,12,9746
"남원시","계","합계",75924,18023,12424,4360,1239,9784,6558,2756,470,21609,18039,3022,548,5812,4671,358,93,299,391,11088,8176,1269,35,1002,606,1092,830,107,142,13,212,124,21,67,-,8304
"김제시","계","합계",78806,17734,12938,3435,1361,11243,8410,2249,584,22972,19927,2461,584,6917,5206,846,46,378,441,10563,7729,1387,80,757,610,1043,821,91,131,-,206,139,37,30,-,8128
"완주군","계","합계",87172,16765,10263,5033,1469,9988,6657,2835,496,24181,20437,3170,574,8681,6291,1235,59,482,614,17391,11389,4253,117,799,833,2055,1481,352,165,57,940,664,119,157,-,7171
"진안군","계","합계",21527,5645,4366,808,471,3140,2485,470,185,5607,4723,691,193,1284,997,59,27,63,138,2306,1712,198,63,177,156,265,180,38,34,13,79,49,5,22,3,3201
"무주군","계","합계",22216,5805,4197,968,640,2681,1994,563,124,5942,5106,711,125,1668,1328,77,9,84,170,2472,1925,211,19,176,141,368,258,36,59,15,28,15,-,13,-,3252
"장수군","계","합계",20194,5650,4186,975,489,2373,1766,483,124,5073,4182,770,121,1285,1079,46,11,64,85,2371,1726,190,28,254,173,246,185,8,45,8,34,14,11,9,-,3162
"임실군","계","합계",24548,6769,5197,926,646,3171,2464,541,166,5922,5104,653,165,1637,1255,123,26,114,119,2787,2006,335,19,290,137,310,210,48,44,8,79,32,25,22,-,3873
"순창군","계","합계",25291,6869,4750,1201,918,3002,2125,670,207,6317,5221,884,212,2011,1642,112,25,128,104,2834,2157,234,22,237,184,307,210,45,45,7,70,48,10,12,-,3881
"고창군","계","합계",52692,12766,9468,2111,1187,7264,5058,1861,345,14109,11354,2424,331,3903,3197,111,38,278,279,6295,4916,442,30,608,299,605,412,113,67,13,103,62,16,25,-,7647
"부안군","계","합계",49170,12266,9211,2072,983,7037,5447,1281,309,13944,11863,1840,241,3393,2649,221,44,208,271,6228,4832,440,68,561,327,570,429,31,101,9,91,46,12,32,1,5641
"전라남도","계","합계",1670382,334545,219660,92382,22503,215083,148246,58045,8792,491354,410389,70186,10779,185329,147495,15301,2318,9033,11182,273687,200617,39646,2008,18667,12749,27944,20628,3022,3458,836,6144,4102,787,1156,99,136296
"동부","계","합계",726322,107526,54808,48011,4707,84846,51421,30143,3282,238683,198401,35616,4666,98646,78797,7977,1215,4610,6047,150673,109236,24014,919,9488,7016,15046,11166,1461,1961,458,3652,2548,371,664,69,27250
"읍부","계","합계",394658,78334,47944,24679,5711,51036,34077,14882,2077,117701,95456,19688,2557,46009,37102,3469,583,2080,2775,64153,48311,8031,506,4480,2825,6392,4691,752,756,193,1241,774,209,246,12,29792
"면부","계","합계",549402,148685,116908,19692,12085,79201,62748,13020,3433,134970,116532,14882,3556,40674,31596,3855,520,2343,2360,58861,43070,7601,583,4699,2908,6506,4771,809,741,185,1251,780,207,246,18,79254
"목포시","계","합계",222172,33597,17167,14716,1714,27607,17242,9213,1152,71635,59952,10071,1612,27619,22412,2132,288,1132,1655,46544,33406,8272,204,2645,2017,4472,3295,445,611,121,1005,726,114,150,15,9693
"여수시","계","합계",254429,45770,28935,14985,1850,32001,21426,9350,1225,81443,69171,10614,1658,32454,25793,2397,363,1795,2106,44163,33136,4876,378,3148,2625,4099,3092,322,538,147,784,520,110,121,33,13715
"순천시","계","합계",248781,39568,21186,16977,1405,26959,15953,10262,744,75183,61709,12131,1343,35653,27919,3631,466,1638,1999,52391,37986,8829,299,3284,1993,5520,4078,606,681,155,1505,1064,123,302,16,12002
"나주시","계","합계",85204,18065,12356,4037,1672,11388,8452,2290,646,22553,18553,3458,542,7233,5952,446,114,353,368,15823,11180,2972,161,873,637,1935,1416,280,186,53,493,341,50,98,4,7714
"광양시","계","합계",132427,19985,10077,8947,961,13650,7728,5486,436,47769,39899,7079,791,19835,15539,1914,269,854,1259,22870,17019,2650,180,1803,1218,2130,1583,236,247,64,400,230,67,90,13,5788
"담양군","계","합계",40831,9675,7439,1438,798,4916,3769,914,233,10848,8544,2047,257,4128,3021,683,74,158,192,5518,4311,620,66,310,211,645,492,61,80,12,247,176,37,32,2,4854
"곡성군","계","합계",27177,7235,5554,969,712,3212,2364,672,176,6536,5242,1119,175,3148,1900,934,27,97,190,2753,1944,330,17,324,138,249,192,19,33,5,57,34,2,18,3,3987
"구례군","계","합계",23419,6114,4547,1008,559,3189,2403,656,130,6052,5195,718,139,1800,1494,87,15,80,124,2657,2016,210,28,239,164,328,217,38,63,10,44,29,11,4,-,3235
"고흥군","계","합계",59788,18175,14909,2047,1219,9210,7298,1496,416,14736,12795,1590,351,3993,3141,250,64,369,169,4858,3983,233,64,390,188,533,431,29,56,17,79,50,4,25,-,8204
"보성군","계","합계",38493,9651,7091,1413,1147,5551,4153,1116,282,10447,8792,1362,293,2834,2196,212,26,159,241,3772,2909,293,58,328,184,344,291,30,23,-,65,51,7,7,-,5829
"화순군","계","합계",57721,11680,7321,3232,1127,7542,5112,2102,328,15697,12761,2512,424,5763,4601,420,100,256,386,9605,6834,1493,134,681,463,978,678,118,170,12,218,113,36,68,1,6238
"장흥군","계","합계",34991,9478,7072,1541,865,5159,3933,988,238,8345,6933,1250,162,2880,2418,67,24,183,188,3905,3044,253,16,397,195,453,352,33,47,21,96,65,18,13,-,4675
"강진군","계","합계",32932,8853,6861,1410,582,4921,3655,1071,195,8470,7086,1168,216,2738,2373,99,25,110,131,4027,3313,181,40,339,154,433,299,54,47,33,50,18,13,19,-,3440
"해남군","계","합계",64196,16299,12378,2881,1040,10735,8526,1841,368,17692,15015,2303,374,5090,4247,171,45,336,291,6735,5270,488,46,614,317,658,488,63,77,30,109,66,18,25,-,6878
"영암군","계","합계",51904,11066,7542,2723,801,6449,4545,1606,298,16081,13707,1988,386,5285,4049,607,41,242,346,7404,5184,1307,41,491,381,542,388,60,54,40,80,49,8,18,5,4997
"무안군","계","합계",73903,14585,8742,4733,1110,8908,5714,2803,391,17474,13997,2953,524,8115,6632,537,100,331,515,16484,10011,4955,95,803,620,1754,1207,275,221,51,426,289,68,69,-,6157
"함평군","계","합계",29434,6831,4996,1072,763,4531,3600,706,225,7963,6425,1263,275,1927,1514,74,28,135,176,3191,2381,311,33,267,199,343,259,27,53,4,48,20,3,25,-,4600
"영광군","계","합계",47697,10325,7061,2279,985,6619,4832,1496,291,13346,11047,1999,300,3988,3334,230,71,229,124,6338,5115,398,59,454,312,470,359,58,43,10,87,70,12,5,-,6524
"장성군","계","합계",38659,9361,6502,1831,1028,5163,3700,1155,308,10404,8458,1689,257,3205,2563,242,33,149,218,5241,4041,587,25,345,243,900,610,182,89,19,170,79,66,22,3,4215
"완도군","계","합계",44716,12068,8974,2076,1018,6803,5233,1264,306,12232,10690,1259,283,3446,2867,83,64,185,247,4390,3463,193,33,453,248,499,395,22,62,20,96,62,11,21,2,5182
"진도군","계","합계",27372,6914,5385,1151,378,4479,3553,811,115,7661,6667,861,133,1976,1704,34,40,106,92,2335,1966,74,10,174,111,267,205,28,26,8,19,10,-,9,-,3721
"신안군","계","합계",34136,9250,7565,916,769,6091,5055,747,289,8787,7751,752,284,2219,1826,51,41,136,165,2683,2105,121,21,305,131,392,301,36,51,4,66,40,9,15,2,4648
"경상북도","계","합계",2486135,436772,278645,130173,27954,303863,213204,78045,12614,766586,655688,95616,15282,332755,266557,28810,3439,14269,19680,445787,309608,85203,3043,28396,19537,42973,31008,6100,4588,1277,11524,6747,2493,2059,225,145875
"동부","계","합계",1333808,183873,92042,82626,9205,145555,90904,49278,5373,431923,364319,59888,7716,206768,167865,16743,2199,8482,11479,285441,203145,51568,1941,17208,11579,29423,21400,4236,2889,898,8573,4928,1983,1468,194,42252
"읍부","계","합계",554561,95882,58330,31106,6446,67999,47179,17840,2980,179736,153707,22633,3396,74954,60015,6146,679,3267,4847,96236,59583,25394,568,6121,4570,7212,4896,1174,976,166,1578,965,277,326,10,30964
"면부","계","합계",597766,157017,128273,16441,12303,90309,75121,10927,4261,154927,137662,13095,4170,51033,38677,5921,561,2520,3354,64110,46880,8241,534,5067,3388,6338,4712,690,723,213,1373,854,233,265,21,72659
"포항시","계","합계",477198,68104,36910,27309,3885,58474,39815,16381,2278,155019,132142,19636,3241,74579,60943,5489,739,3037,4371,89975,66880,12542,787,6000,3766,9817,7123,1495,929,270,3867,2093,1214,456,104,17363
"남구","계","합계",226515,32856,18332,12738,1786,29409,20477,7625,1307,76586,65493,9265,1828,33601,27434,1851,400,1503,2413,38386,28594,4928,360,2616,1888,4767,3279,893,462,133,2572,1316,1038,171,47,8338
"북구","계","합계",250683,35248,18578,14571,2099,29065,19338,8756,971,78433,66649,10371,1413,40978,33509,3638,339,1534,1958,51589,38286,7614,427,3384,1878,5050,3844,602,467,137,1295,777,176,285,57,9025
"경주시","계","합계",239823,40168,25479,12267,2422,28277,19782,7616,879,74894,64327,9296,1271,28059,23567,1718,231,1098,1445,49300,34840,9589,204,2846,1821,4041,2732,592,596,121,967,627,121,204,15,14117
"김천시","계","합계",128577,24711,17098,6233,1380,16018,11374,3902,742,37030,31431,4903,696,15903,13019,1009,132,723,1020,23979,16066,5422,106,1395,990,2527,1951,311,194,71,567,338,108,115,6,7842
"안동시","계","합계",158460,31014,20934,8111,1969,19303,13497,5005,801,39454,32559,6022,873,23576,17754,3756,229,914,923,30175,20781,6459,187,1795,953,3834,2952,439,365,78,1031,715,136,170,10,10073
"구미시","계","합계",385221,47890,18732,27075,2083,36615,19859,15422,1334,144764,124307,18223,2234,65124,52510,5018,781,2733,4082,72382,51193,12106,652,5013,3418,6446,4821,756,649,220,1156,639,215,289,13,10844
"영주시","계","합계",103888,21443,15169,5052,1222,13509,9870,3076,563,28670,23686,4512,472,13883,10182,2420,93,545,643,16720,11426,3584,79,1137,494,1914,1492,203,184,35,370,240,22,104,4,7379
"영천시","계","합계",90280,20177,15240,3686,1251,12991,10287,2255,449,27214,23608,3016,590,8957,7251,618,95,408,585,11949,8803,1506,60,940,640,979,666,139,131,43,215,120,70,19,6,7798
"상주시","계","합계",94098,22279,16518,4199,1562,12737,9330,2758,649,25798,21827,3454,517,7582,6186,318,136,452,490,15339,11026,2479,113,915,806,1461,1087,143,190,41,280,159,56,61,4,8622
"문경시","계","합계",68085,15713,11260,3065,1388,9697,7032,2239,426,18565,15219,2919,427,6985,5664,456,88,351,426,9730,7516,949,109,691,465,1324,996,112,165,51,163,92,24,42,5,5908
"경산시","계","합계",255224,34117,18982,12912,2223,27403,18665,7417,1321,72250,62004,8396,1850,35170,26946,4171,325,1440,2288,69935,37710,25742,322,3224,2937,5599,3398,1405,620,176,1939,1129,359,406,45,8811
"군위군","계","합계",20791,5676,4842,520,314,3353,2930,305,118,5492,4895,470,127,1620,1274,118,27,90,111,2042,1586,164,26,148,118,202,163,4,34,1,42,25,4,13,-,2364
"의성군","계","합계",48701,14016,11663,1344,1009,7831,6618,820,393,12494,11160,1005,329,3733,3138,159,36,153,247,4504,3528,365,41,350,220,459,346,42,64,7,93,55,10,28,-,5571
"청송군","계","합계",23600,6195,4807,728,660,3582,2911,477,194,6088,5382,519,187,2012,1703,50,32,94,133,2699,2112,154,33,228,172,216,168,13,29,6,23,13,8,2,-,2785
"영양군","계","합계",15937,4549,3539,543,467,2316,1826,357,133,3932,3272,555,105,1132,923,42,16,52,99,1656,1256,112,33,180,75,224,153,39,26,6,23,11,3,9,-,2105
"영덕군","계","합계",34493,9149,7272,1226,651,5839,4868,768,203,9761,8671,888,202,2790,2282,121,36,182,169,3117,2475,123,16,335,168,292,239,14,22,17,34,27,-,7,-,3511
"청도군","계","합계",39476,8939,7055,1149,735,5696,4624,846,226,10649,8717,1753,179,3477,2823,169,71,221,193,5160,3930,522,15,397,296,555,450,38,49,18,124,73,16,35,-,4876
"고령군","계","합계",30491,6969,4999,1286,684,4818,3811,765,242,9308,8121,898,289,3046,2424,118,45,184,275,3299,2450,289,34,286,240,249,185,31,28,5,86,40,20,15,11,2716
"성주군","계","합계",37819,8513,6868,1150,495,5980,4956,804,220,11914,10612,1039,263,3633,2970,186,22,213,242,3953,3016,399,22,354,162,272,157,50,47,18,59,37,8,14,-,3495
"칠곡군","계","합계",109397,16621,8639,7122,860,11797,7379,3948,470,40043,35001,4420,622,19279,15130,2033,141,720,1255,15153,11058,1943,71,1101,980,989,741,128,99,21,186,112,45,29,-,5329
"예천군","계","합계",40560,10545,8133,1493,919,5802,4615,852,335,9438,8225,976,237,4726,3604,647,68,215,192,3910,3079,216,58,318,239,484,345,73,50,16,91,58,18,13,2,5564
"봉화군","계","합계",30055,8131,6279,1088,764,4581,3638,636,307,7575,6584,787,204,2395,1950,91,21,142,191,2966,2399,164,6,228,169,385,304,27,30,24,63,36,21,6,-,3959
"울진군","계","합계",45674,10312,7085,2285,942,5887,4438,1181,268,13505,11468,1733,304,4059,3476,73,60,246,204,6727,5580,327,62,441,317,521,389,37,76,19,119,82,15,22,-,4544
"울릉군","계","합계",8287,1541,1142,330,69,1357,1079,215,63,2729,2470,196,63,1035,838,30,15,56,96,1117,898,47,7,74,91,183,150,9,11,13,26,26,-,-,-,299
"경상남도","계","합계",3052716,451942,239453,187232,25257,354996,231655,109062,14279,1001828,855929,126429,19470,391578,312788,30160,4776,18545,25309,626667,465735,90270,4203,38662,27797,65071,47472,8461,7314,1824,14533,8989,2050,3338,156,146101
"동부","계","합계",2012433,253114,110047,131899,11168,222740,135423,78189,9128,684368,583365,87892,13111,279539,223265,21392,3442,13219,18221,460296,336724,73307,3140,27716,19409,46808,34540,5720,5264,1284,10812,6861,1397,2428,126,54756
"읍부","계","합계",419344,66098,33210,28865,4023,48407,30761,15936,1710,134438,112594,19301,2543,56176,43995,5858,690,2485,3148,82003,63006,9239,475,5435,3848,9210,6114,1955,846,295,1669,908,346,415,-,21343
"면부","계","합계",620939,132730,96196,26468,10066,83849,65471,14937,3441,183022,159970,19236,3816,55863,45528,2910,644,2841,3940,84368,66005,7724,588,5511,4540,9053,6818,786,1204,245,2052,1220,307,495,30,70002
"진주시","계","합계",326684,49809,27128,20236,2445,36661,23286,11792,1583,87322,71707,13822,1793,37875,29983,3513,458,1701,2220,86692,58448,20669,555,4295,2725,10846,7578,1559,1482,227,3286,2122,386,771,7,14193
"통영시","계","합계",123461,21771,12917,7835,1019,17369,12161,4376,832,43475,38043,4500,932,13690,11499,418,132,589,1052,18144,14132,1636,90,1258,1028,1442,1053,134,217,38,330,240,44,42,4,7240
"사천시","계","합계",103079,19608,12111,6303,1194,13718,9632,3472,614,32218,27540,3801,877,11538,9432,677,111,516,802,16766,13031,1527,93,1103,1012,2041,1522,251,206,62,360,223,74,63,-,6830
"김해시","계","합계",477592,63669,24913,35810,2946,52672,29678,20847,2147,161361,135575,22262,3524,68679,54462,4863,961,3204,5189,105288,75665,17039,801,6738,5045,10395,7572,1420,1109,294,2074,1265,349,437,23,13454
"밀양시","계","합계",96898,18785,13245,4386,1154,14266,10857,2909,500,28721,24788,3304,629,9194,7517,471,90,496,620,16322,12533,1726,136,1173,754,1345,1009,96,209,31,342,190,57,92,3,7923
"거제시","계","합계",227755,28586,10836,16577,1173,24053,14307,8880,866,87593,76588,9597,1408,34079,27567,1869,574,1501,2568,41681,34609,1984,259,2466,2363,3311,2627,262,314,108,568,316,48,194,10,7884
"양산시","계","합계",270956,35047,15447,18179,1421,30683,19574,9855,1254,95159,82325,11030,1804,37602,30090,2868,386,1595,2663,57637,42941,7728,316,3639,3013,5816,3472,1598,552,194,1011,541,247,193,30,8001
"창원시","계","합계",979624,115017,50973,58481,5563,105370,66659,34738,3973,336279,289706,40599,5974,138975,110907,12215,1485,6659,7709,227137,169637,33463,1551,13740,8746,24167,18357,2615,2530,665,5541,3533,702,1236,70,27138
"의창구","계","합계",236688,25055,11020,12761,1274,24508,15585,7990,933,85094,73083,10580,1431,34004,27015,3115,306,1657,1911,56065,39896,10089,356,3777,1947,4715,3647,569,404,95,1110,680,206,211,13,6137
"성산구","계","합계",216591,20201,5709,13981,511,17966,8302,9295,369,71516,59949,10765,802,32092,26143,2518,414,1555,1462,61461,47485,8058,445,3731,1742,7681,5958,816,741,166,1956,1297,220,409,30,3718
"마산합포구","계","합계",167709,22726,13648,7713,1365,20077,14462,4760,855,54965,47961,5972,1032,19952,16242,1517,231,923,1039,38427,27889,6931,263,1968,1376,3799,2762,373,495,169,1063,701,69,293,-,6700
"마산회원구","계","합계",195344,24873,12224,11204,1445,24040,16436,6551,1053,68857,59737,7519,1601,28652,21746,3727,289,1347,1543,38454,28713,5347,204,2475,1715,4019,2947,412,538,122,605,309,93,198,5,5844
"진해구","계","합계",163292,22162,8372,12822,968,18779,11874,6142,763,55847,48976,5763,1108,24275,19761,1338,245,1177,1754,32730,25654,3038,283,1789,1966,3953,3043,445,352,113,807,546,114,125,22,4739
"의령군","계","합계",25208,6003,4528,860,615,3204,2476,563,165,6998,6094,731,173,1911,1588,84,40,98,101,2861,2245,238,39,219,120,284,206,29,28,21,37,11,5,21,-,3910
"함안군","계","합계",61322,11116,6431,3675,1010,8068,5851,1824,393,20012,17378,2327,307,6590,5400,335,98,408,349,9969,7773,941,17,712,526,819,613,74,88,44,172,96,34,42,-,4576
"창녕군","계","합계",56955,12298,9045,2225,1028,8001,6167,1464,370,19110,16441,2315,354,4902,3919,216,67,278,422,6502,5034,554,40,493,381,620,499,38,49,34,69,34,5,30,-,5453
"고성군","계","합계",49334,10954,7965,2181,808,6878,5255,1346,277,15063,12629,2113,321,4534,3849,132,43,193,317,6290,4895,539,66,452,338,491,353,41,80,17,75,33,19,22,1,5049
"남해군","계","합계",42108,10655,8323,1467,865,6024,4715,1072,237,11444,9556,1647,241,3853,2757,585,64,240,207,4739,3796,270,20,385,268,511,333,73,103,2,107,74,8,25,-,4775
"하동군","계","합계",42767,9998,7478,1764,756,6112,4643,1263,206,11677,10122,1322,233,3201,2520,187,63,222,209,5594,4348,517,45,402,282,474,345,38,63,28,108,56,16,34,2,5603
"산청군","계","합계",32187,7229,5298,1190,741,4206,3286,755,165,8332,7034,1129,169,2339,1858,106,34,124,217,4270,3330,401,42,241,256,464,329,63,63,9,58,35,12,11,-,5289
"함양군","계","합계",36494,8557,6176,1687,694,4672,3486,1042,144,10383,8899,1296,188,2772,2301,157,24,100,190,4472,3551,251,26,403,241,464,357,26,69,12,95,54,10,29,2,5079
"거창군","계","합계",57442,12398,8571,2965,862,7090,4918,1879,293,16001,12625,3090,286,6797,4723,1330,75,396,273,7725,6142,499,52,612,420,1114,918,90,86,20,210,119,16,75,-,6107
"합천군","계","합계",42850,10442,8068,1411,963,5949,4704,985,260,10680,8879,1544,257,3047,2416,134,71,225,201,4578,3625,288,55,331,279,467,329,54,66,18,90,47,18,21,4,7597
"제주특별자치도","계","합계",553239,81538,37887,39197,4454,60095,34707,22589,2799,162056,133705,24336,4015,89417,72339,6515,1086,4054,5423,116040,88010,14415,829,7428,5358,13820,10210,1705,1557,348,3394,2144,461,709,80,26879
"동부","계","합계",407508,55867,22487,31096,2284,41242,21758,17720,1764,115661,94250,18845,2566,70199,57066,5099,902,3120,4012,94834,72181,12099,699,5789,4066,11831,8659,1574,1305,293,3036,1946,397,635,58,14838
"읍부","계","합계",117403,20803,12304,6724,1775,15049,10172,4019,858,37310,31580,4537,1193,15484,12223,1236,140,749,1136,17480,13051,1998,96,1316,1019,1730,1349,123,207,51,320,172,63,68,17,9227
"면부","계","합계",28328,4868,3096,1377,395,3804,2777,850,177,9085,7875,954,256,3734,3050,180,44,185,275,3726,2778,318,34,323,273,259,202,8,45,4,38,26,1,6,5,2814
"제주시","계","합계",412125,57206,24207,30228,2771,42757,23679,17123,1955,117845,96331,18728,2786,69228,56064,5207,899,2960,4098,93002,70128,12514,673,5669,4018,11632,8513,1535,1275,309,2946,1822,410,643,71,17509
"서귀포시","계","합계",141114,24332,13680,8969,1683,17338,11028,5466,844,44211,37374,5608,1229,20189,16275,1308,187,1094,1325,23038,17882,1901,156,1759,1340,2188,1697,170,282,39,448,322,51,66,9,9370
