"구분별(1)",구분별(2),2017,2017,2017,2017,2017,2017,2017,2017,2017,2017,2017,2017,2017,2017,2017,2017,2017,2017,2017,2017
"구분별(1)",구분별(2),도수관,도수관,도수관,도수관,도수관,송수관,송수관,송수관,송수관,송수관,배수관,배수관,배수관,배수관,배수관,급수관,급수관,급수관,급수관,급수관
"구분별(1)",구분별(2),계 (m),경년관 연장 (m),경년관 비율 (%),연장가중 평균연령 (년),비내식성 관로비율 (%),계 (m),경년관 연장 (m),경년관 비율 (%),연장가중 평균연령 (년),비내식성 관로비율 (%),계 (m),경년관 연장 (m),경년관 비율 (%),연장가중 평균연령 (년),비내식성 관로비율 (%),계 (m),경년관 연장 (m),경년관 비율 (%),연장가중 평균연령 (년),비내식성 관로비율 (%)
"지자체+수자원공사",총계,3450532,594861,17,21,11,11701534,1396995,12,18,13,115726144,10315196,9,14,10,78155316,17061589,22,16,2
"지자체+수자원공사",에나멜코팅 도복장강관,1145262,322790,28,25,0,2431358,639196,26,24,0,4359773,526924,12,20,0,1350551,104199,8,21,0
"지자체+수자원공사",엑상에폭시 도복장강관,1004077,7507,1,16,0,2090912,90813,4,17,0,4402590,57550,1,13,0,3935844,17827,1,11,0
"지자체+수자원공사",주철관,394969,85013,22,24,0,1501934,194081,13,19,0,11620924,1858452,16,21,0,385184,20685,5,22,0
"지자체+수자원공사",덕타일주철관,497788,46953,9,17,0,4846666,370103,8,15,0,43855358,2586365,6,16,0,1075107,20669,2,17,0
"지자체+수자원공사",PVC관,11690,3949,34,15,0,156305,29264,19,12,0,14540762,1343430,9,10,0,13242837,7495831,57,20,0
"지자체+수자원공사",내충격수도관,8102,350,4,9,0,156703,15400,10,8,0,10765616,475236,4,8,0,5067087,420382,8,9,0
"지자체+수자원공사",PE관,48010,22729,47,15,0,225888,46805,21,12,0,18225552,3085709,17,12,0,21819823,5010586,23,13,0
"지자체+수자원공사",아연도강관,-,-,-,-,-,-,-,-,-,-,-,-,-,-,-,832320,808474,97,29,0
"지자체+수자원공사",동관,-,-,-,-,-,-,-,-,-,-,-,-,-,-,-,292770,25799,9,27,0
"지자체+수자원공사",스테인레스관,-,-,-,-,-,-,-,-,-,-,-,-,-,-,-,24860587,1917050,8,17,0
"지자체+수자원공사",흄관,19257,3532,18,13,0,3943,1185,30,18,0,-,-,-,-,-,-,-,-,-,-
"지자체+수자원공사",기타,321377,102038,32,24,0,287825,10148,4,15,0,7955569,381530,5,16,0,5293206,1220087,23,20,0
"지자체",총계,1662927,263019,16,22,23,8156475,1096603,13,18,18,115726144,10315196,9,14,10,78155316,17061589,22,16,2
"지자체",에나멜코팅 도복장강관,550809,102094,19,24,0,2175385,546621,25,24,0,4359773,526924,12,20,0,1350551,104199,8,21,0
"지자체",엑상에폭시 도복장강관,210335,4788,2,17,0,795899,17196,2,15,0,4402590,57550,1,13,0,3935844,17827,1,11,0
"지자체",주철관,384456,81639,21,25,0,1480133,190666,13,19,0,11620924,1858452,16,21,0,385184,20685,5,22,0
"지자체",덕타일주철관,352019,26685,8,17,0,2928788,239971,8,15,0,43855358,2586365,6,16,0,1075107,20669,2,17,0
"지자체",PVC관,11690,3949,34,15,0,156305,29264,19,12,0,14540762,1343430,9,10,0,13242837,7495831,57,20,0
"지자체",내충격수도관,8102,350,4,9,0,156703,15400,10,8,0,10765616,475236,4,8,0,5067087,420382,8,9,0
"지자체",PE관,48010,22729,47,15,0,225888,46805,21,12,0,18225552,3085709,17,12,0,21819823,5010586,23,13,0
"지자체",아연도강관,-,-,-,-,-,-,-,-,-,-,-,-,-,-,-,832320,808474,97,29,0
"지자체",동관,-,-,-,-,-,-,-,-,-,-,-,-,-,-,-,292770,25799,9,27,0
"지자체",스테인레스관,-,-,-,-,-,-,-,-,-,-,-,-,-,-,-,24860587,1917050,8,17,0
"지자체",흄관,8601,89,1,11,0,3943,1185,30,18,0,-,-,-,-,-,-,-,-,-,-
"지자체",기타,88905,20696,23,26,0,233431,9495,4,15,0,7955569,381530,5,16,0,5293206,1220087,23,20,0
"서울특별시",총계,83226,13809,17,20,0,525481,183344,35,23,1,9795654,1467013,15,21,2,3182700,169433,5,19,0
"서울특별시",에나멜코팅 도복장강관,23847,13807,58,30,0,215382,168368,78,31,0,254783,235429,92,31,0,331,318,96,31,0
"서울특별시",엑상에폭시 도복장강관,59365,0,0,16,0,166977,0,0,19,0,117867,0,0,17,0,77,0,0,20,0
"서울특별시",주철관,0,0,0,0,0,5778,5778,100,31,0,239147,239147,100,31,0,1835,1835,100,31,0
"서울특별시",덕타일주철관,14,2,14,26,0,137304,9198,7,17,0,8191441,874845,11,20,0,120398,5224,4,17,0
"서울특별시",PVC관,0,0,0,0,0,0,0,0,0,0,3092,3092,100,31,0,89,89,100,31,0
"서울특별시",내충격수도관,0,0,0,0,0,0,0,0,0,0,21130,2089,10,16,0,2,0,0,9,0
"서울특별시",PE관,0,0,0,0,0,0,0,0,0,0,68531,66737,97,26,0,30,30,100,26,0
"서울특별시",아연도강관,-,-,-,-,-,-,-,-,-,-,-,-,-,-,-,3127,3127,100,31,0
"서울특별시",동관,-,-,-,-,-,-,-,-,-,-,-,-,-,-,-,168222,19422,12,28,0
"서울특별시",스테인레스관,-,-,-,-,-,-,-,-,-,-,-,-,-,-,-,2887429,139388,5,19,0
"서울특별시",흄관,0,0,0,0,0,0,0,0,0,0,-,-,-,-,-,-,-,-,-,-
"서울특별시",기타,0,0,0,0,0,40,0,0,21,0,899663,45674,5,24,0,1160,0,0,2,0
"부산광역시",총계,89134,34685,39,24,8,505250,107306,21,20,0,3552426,589191,17,19,0,4359961,143332,3,15,0
"부산광역시",에나멜코팅 도복장강관,27312,19760,72,30,0,101809,72839,72,30,0,1685,1389,82,30,0,0,0,0,0,0
"부산광역시",엑상에폭시 도복장강관,28772,0,0,19,0,147415,0,0,19,0,45546,0,0,15,0,2213510,927,0,11,0
"부산광역시",주철관,7422,5251,71,23,0,402,164,41,22,0,2624,875,33,25,0,0,0,0,0,0
"부산광역시",덕타일주철관,20473,4936,24,22,0,251922,32000,13,17,0,3489784,585523,17,19,0,0,0,0,0,0
"부산광역시",PVC관,0,0,0,0,0,0,0,0,0,0,184,0,0,4,0,689,57,8,15,0
"부산광역시",내충격수도관,0,0,0,0,0,0,0,0,0,0,855,469,55,17,0,1113,699,63,20,0
"부산광역시",PE관,0,0,0,0,0,0,0,0,0,0,2059,861,42,14,0,1297,0,0,2,0
"부산광역시",아연도강관,-,-,-,-,-,-,-,-,-,-,-,-,-,-,-,402,402,100,31,0
"부산광역시",동관,-,-,-,-,-,-,-,-,-,-,-,-,-,-,-,0,0,0,0,0
"부산광역시",스테인레스관,-,-,-,-,-,-,-,-,-,-,-,-,-,-,-,2139521,141247,7,18,0
"부산광역시",흄관,0,0,0,0,0,0,0,0,0,0,-,-,-,-,-,-,-,-,-,-
"부산광역시",기타,5155,4738,92,29,0,3702,2303,62,21,0,9689,74,1,10,0,3429,0,0,4,0
"대구광역시",총계,37528,23588,63,27,0,371613,86482,23,21,1,5676157,390002,7,19,1,1884651,37530,2,21,0
"대구광역시",에나멜코팅 도복장강관,34301,23460,68,29,0,192091,73515,38,25,0,19258,4878,25,24,0,330,330,100,31,0
"대구광역시",엑상에폭시 도복장강관,2108,0,0,7,0,15870,0,0,5,0,596662,2195,0,22,0,35244,455,1,22,0
"대구광역시",주철관,0,0,0,0,0,4468,73,2,20,0,68493,4557,7,26,0,706,706,100,31,0
"대구광역시",덕타일주철관,1119,128,11,13,0,158662,12894,8,17,0,3829823,334599,9,20,0,53885,2060,4,18,0
"대구광역시",PVC관,0,0,0,0,0,0,0,0,0,0,0,0,0,0,0,0,0,0,0,0
"대구광역시",내충격수도관,0,0,0,0,0,522,0,0,5,0,221989,1752,1,6,0,3137,53,2,6,0
"대구광역시",PE관,0,0,0,0,0,0,0,0,0,0,38107,9054,24,20,0,3168,3168,100,28,0
"대구광역시",아연도강관,-,-,-,-,-,-,-,-,-,-,-,-,-,-,-,4063,4063,100,31,0
"대구광역시",동관,-,-,-,-,-,-,-,-,-,-,-,-,-,-,-,0,0,0,0,0
"대구광역시",스테인레스관,-,-,-,-,-,-,-,-,-,-,-,-,-,-,-,1768166,25494,1,21,0
"대구광역시",흄관,0,0,0,0,0,0,0,0,0,0,-,-,-,-,-,-,-,-,-,-
"대구광역시",기타,0,0,0,0,0,0,0,0,0,0,901825,32967,4,15,0,15952,1201,8,25,0
"인천광역시",총계,78642,7495,10,22,0,297584,22665,8,16,2,4147607,311916,8,15,5,2131860,624881,29,17,0
"인천광역시",에나멜코팅 도복장강관,72321,6542,9,24,0,114138,20342,18,24,0,377792,90914,24,26,0,2164,703,33,25,0
"인천광역시",엑상에폭시 도복장강관,5353,0,0,6,0,81795,364,0,13,0,1599933,4991,0,12,0,342984,2260,1,8,0
"인천광역시",주철관,0,0,0,0,0,5332,1288,24,13,0,184947,161395,87,30,0,1799,1296,72,29,0
"인천광역시",덕타일주철관,15,0,0,17,0,63489,529,1,11,0,1466477,6086,0,16,0,12471,394,3,18,0
"인천광역시",PVC관,0,0,0,0,0,79,50,63,21,0,22916,22784,99,31,0,1721,1489,87,27,0
"인천광역시",내충격수도관,0,0,0,0,0,16984,0,0,14,0,447119,3099,1,8,0,37351,0,0,5,0
"인천광역시",PE관,880,880,100,21,0,274,51,19,11,0,23650,22304,94,28,0,4071,1330,33,13,0
"인천광역시",아연도강관,-,-,-,-,-,-,-,-,-,-,-,-,-,-,-,930,930,100,31,0
"인천광역시",동관,-,-,-,-,-,-,-,-,-,-,-,-,-,-,-,0,0,0,0,0
"인천광역시",스테인레스관,-,-,-,-,-,-,-,-,-,-,-,-,-,-,-,1660536,616479,37,20,0
"인천광역시",흄관,0,0,0,0,0,0,0,0,0,0,-,-,-,-,-,-,-,-,-,-
"인천광역시",기타,73,73,100,31,0,15493,41,0,8,0,24773,343,1,15,0,67833,0,0,3,0
"광주광역시",총계,1427,1427,100,31,0,57098,6875,12,17,0,3010813,645438,21,19,9,767097,156175,20,16,2
"광주광역시",에나멜코팅 도복장강관,1269,1269,100,31,0,43226,5690,13,19,0,70538,41714,59,26,0,60,3,5,27,0
"광주광역시",엑상에폭시 도복장강관,0,0,0,0,0,0,0,0,0,0,0,0,0,0,0,0,0,0,0,0
"광주광역시",주철관,0,0,0,0,0,0,0,0,0,0,265204,234085,88,30,0,116,84,72,25,0
"광주광역시",덕타일주철관,158,158,100,31,0,7116,0,0,10,0,1088550,84029,8,21,0,14411,1304,9,19,0
"광주광역시",PVC관,0,0,0,0,0,0,0,0,0,0,4610,974,21,15,0,359,270,75,23,0
"광주광역시",내충격수도관,0,0,0,0,0,0,0,0,0,0,1351330,243340,18,14,0,584180,107030,18,13,0
"광주광역시",PE관,0,0,0,0,0,210,0,0,5,0,1750,1009,58,22,0,1,0,0,11,0
"광주광역시",아연도강관,-,-,-,-,-,-,-,-,-,-,-,-,-,-,-,11433,11433,100,31,0
"광주광역시",동관,-,-,-,-,-,-,-,-,-,-,-,-,-,-,-,0,0,0,0,0
"광주광역시",스테인레스관,-,-,-,-,-,-,-,-,-,-,-,-,-,-,-,10923,10050,92,31,0
"광주광역시",흄관,0,0,0,0,0,1185,1185,100,31,0,-,-,-,-,-,-,-,-,-,-
"광주광역시",기타,0,0,0,0,0,5361,0,0,11,0,228831,40287,18,28,0,145614,26001,18,28,0
"대전광역시",총계,23115,0,0,26,0,0,0,0,0,0,2636713,429782,16,17,9,1318718,225646,17,17,0
"대전광역시",에나멜코팅 도복장강관,0,0,0,0,0,0,0,0,0,0,149789,16433,11,18,0,0,0,0,0,0
"대전광역시",엑상에폭시 도복장강관,17550,0,0,26,0,0,0,0,0,0,235783,14307,6,16,0,0,0,0,0,0
"대전광역시",주철관,0,0,0,0,0,0,0,0,0,0,245977,83044,34,29,0,0,0,0,0,0
"대전광역시",덕타일주철관,1535,0,0,21,0,0,0,0,0,0,1659610,116632,7,15,0,0,0,0,0,0
"대전광역시",PVC관,0,0,0,0,0,0,0,0,0,0,24110,18647,77,24,0,156461,154579,99,30,0
"대전광역시",내충격수도관,0,0,0,0,0,0,0,0,0,0,516,0,0,1,0,26,0,0,1,0
"대전광역시",PE관,0,0,0,0,0,0,0,0,0,0,248375,180719,73,22,0,135663,68496,51,20,0
"대전광역시",아연도강관,-,-,-,-,-,-,-,-,-,-,-,-,-,-,-,0,0,0,0,0
"대전광역시",동관,-,-,-,-,-,-,-,-,-,-,-,-,-,-,-,0,0,0,0,0
"대전광역시",스테인레스관,-,-,-,-,-,-,-,-,-,-,-,-,-,-,-,1021968,2571,0,14,0
"대전광역시",흄관,0,0,0,0,0,0,0,0,0,0,-,-,-,-,-,-,-,-,-,-
"대전광역시",기타,4030,0,0,29,0,0,0,0,0,0,72553,0,0,10,0,4600,0,0,16,0
"울산광역시",총계,1872,0,0,18,0,168140,23403,14,18,0,1728577,81107,5,14,1,1359509,87842,7,17,0
"울산광역시",에나멜코팅 도복장강관,1350,0,0,25,0,31384,3825,12,24,0,5733,2901,51,28,0,0,0,0,0,0
"울산광역시",엑상에폭시 도복장강관,522,0,0,1,0,1603,0,0,10,0,3646,0,0,11,0,16790,2,0,27,0
"울산광역시",주철관,0,0,0,0,0,0,0,0,0,0,15177,15177,100,31,0,0,0,0,0,0
"울산광역시",덕타일주철관,0,0,0,0,0,135153,19578,15,17,0,1640759,62126,4,14,0,84611,3571,4,17,0
"울산광역시",PVC관,0,0,0,0,0,0,0,0,0,0,0,0,0,0,0,0,0,0,0,0
"울산광역시",내충격수도관,0,0,0,0,0,0,0,0,0,0,21224,283,1,7,0,0,0,0,0,0
"울산광역시",PE관,0,0,0,0,0,0,0,0,0,0,42038,620,2,8,0,0,0,0,0,0
"울산광역시",아연도강관,-,-,-,-,-,-,-,-,-,-,-,-,-,-,-,0,0,0,0,0
"울산광역시",동관,-,-,-,-,-,-,-,-,-,-,-,-,-,-,-,0,0,0,0,0
"울산광역시",스테인레스관,-,-,-,-,-,-,-,-,-,-,-,-,-,-,-,1258108,84269,7,17,0
"울산광역시",흄관,0,0,0,0,0,0,0,0,0,0,-,-,-,-,-,-,-,-,-,-
"울산광역시",기타,0,0,0,0,0,0,0,0,0,0,0,0,0,0,0,0,0,0,0,0
"세종특별자치시",총계,0,0,0,0,0,33685,0,0,4,5,163169,0,0,2,0,151935,0,0,2,0
"세종특별자치시",에나멜코팅 도복장강관,0,0,0,0,0,1705,0,0,5,0,0,0,0,0,0,0,0,0,0,0
"세종특별자치시",엑상에폭시 도복장강관,0,0,0,0,0,1285,0,0,3,0,0,0,0,0,0,0,0,0,0,0
"세종특별자치시",주철관,0,0,0,0,0,1650,0,0,1,0,0,0,0,0,0,0,0,0,0,0
"세종특별자치시",덕타일주철관,0,0,0,0,0,28211,0,0,5,0,54323,0,0,2,0,0,0,0,0,0
"세종특별자치시",PVC관,0,0,0,0,0,0,0,0,0,0,0,0,0,0,0,0,0,0,0,0
"세종특별자치시",내충격수도관,0,0,0,0,0,0,0,0,0,0,0,0,0,0,0,0,0,0,0,0
"세종특별자치시",PE관,0,0,0,0,0,834,0,0,5,0,108846,0,0,2,0,151935,0,0,2,0
"세종특별자치시",아연도강관,-,-,-,-,-,-,-,-,-,-,-,-,-,-,-,0,0,0,0,0
"세종특별자치시",동관,-,-,-,-,-,-,-,-,-,-,-,-,-,-,-,0,0,0,0,0
"세종특별자치시",스테인레스관,-,-,-,-,-,-,-,-,-,-,-,-,-,-,-,0,0,0,0,0
"세종특별자치시",흄관,0,0,0,0,0,0,0,0,0,0,-,-,-,-,-,-,-,-,-,-
"세종특별자치시",기타,0,0,0,0,0,0,0,0,0,0,0,0,0,0,0,0,0,0,0,0
"경기도",총계,244660,29164,12,21,5,1365682,132425,10,19,7,21040416,669625,3,13,12,12238753,1095572,9,16,1
"경기도",에나멜코팅 도복장강관,171671,20508,12,24,0,717950,92216,13,21,0,1912945,52658,3,19,0,27619,1526,6,27,0
"경기도",엑상에폭시 도복장강관,26051,1036,4,18,0,200914,1807,1,10,0,810471,9455,1,9,0,48567,0,0,8,0
"경기도",주철관,11965,7070,59,27,0,95718,16725,18,21,0,2502777,156522,6,18,0,76057,5275,7,18,0
"경기도",덕타일주철관,22063,0,0,7,0,333173,21092,6,17,0,8002362,192847,2,15,0,354897,4385,1,20,0
"경기도",PVC관,550,550,100,25,0,2165,585,27,10,0,3541510,81639,2,8,0,583891,94692,16,12,0
"경기도",내충격수도관,0,0,0,0,0,0,0,0,0,0,1390433,49018,4,7,0,430930,17834,4,9,0
"경기도",PE관,2460,0,0,4,0,11607,0,0,9,0,1158711,118351,10,12,0,482761,109804,23,13,0
"경기도",아연도강관,-,-,-,-,-,-,-,-,-,-,-,-,-,-,-,49312,46670,95,28,0
"경기도",동관,-,-,-,-,-,-,-,-,-,-,-,-,-,-,-,39837,6377,16,30,0
"경기도",스테인레스관,-,-,-,-,-,-,-,-,-,-,-,-,-,-,-,9754548,677852,7,16,0
"경기도",흄관,0,0,0,0,0,0,0,0,0,0,-,-,-,-,-,-,-,-,-,-
"경기도",기타,9900,0,0,16,0,4155,0,0,5,0,1721207,9135,1,12,0,390334,131157,34,22,0
"강원도",총계,210216,16153,8,19,25,586962,90100,15,16,22,5510858,588689,11,13,13,5098757,1949453,38,18,4
"강원도",에나멜코팅 도복장강관,59664,2820,5,22,0,150889,43296,29,23,0,443971,50042,11,18,0,267458,80558,30,21,0
"강원도",엑상에폭시 도복장강관,23885,880,4,17,0,47035,8688,19,13,0,342176,8092,2,15,0,536485,0,0,9,0
"강원도",주철관,52398,2817,5,22,0,129468,22531,17,13,0,707857,168655,24,21,0,13551,5714,42,25,0
"강원도",덕타일주철관,57614,9515,17,15,0,168161,0,0,15,0,895123,0,0,12,0,5877,0,0,13,0
"강원도",PVC관,0,0,0,0,0,23877,12750,53,19,0,667085,137496,21,13,0,1783215,1310576,74,24,0
"강원도",내충격수도관,0,0,0,0,0,21732,0,0,1,0,922834,58789,6,7,0,472776,80077,17,10,0
"강원도",PE관,14046,32,0,8,0,41650,440,1,6,0,1202237,138445,12,10,0,1003821,214742,21,13,0
"강원도",아연도강관,-,-,-,-,-,-,-,-,-,-,-,-,-,-,-,203226,201911,99,30,0
"강원도",동관,-,-,-,-,-,-,-,-,-,-,-,-,-,-,-,82150,0,0,22,0
"강원도",스테인레스관,-,-,-,-,-,-,-,-,-,-,-,-,-,-,-,236603,0,0,11,0
"강원도",흄관,1581,89,6,14,0,0,0,0,0,0,-,-,-,-,-,-,-,-,-,-
"강원도",기타,1028,0,0,6,0,4150,2395,58,25,0,329575,27170,8,12,0,493595,55875,11,21,0
"충청북도",총계,85494,14380,17,22,20,451952,57076,13,16,46,5644795,623710,11,13,22,3449434,870208,25,16,1
"충청북도",에나멜코팅 도복장강관,25821,5051,20,25,0,60500,13043,22,19,0,501047,19660,4,14,0,535291,10391,2,15,0
"충청북도",엑상에폭시 도복장강관,7475,0,0,8,0,17682,909,5,13,0,76324,17061,22,14,0,197568,14006,7,5,0
"충청북도",주철관,17270,4236,25,22,0,209361,37490,18,19,0,1257344,271638,22,21,0,9142,459,5,20,0
"충청북도",덕타일주철관,24715,3706,15,23,0,121269,2735,2,11,0,972557,31477,3,10,0,39920,424,1,10,0
"충청북도",PVC관,2317,0,0,18,0,2282,0,0,10,0,1643672,152655,9,12,0,1028527,639238,62,21,0
"충청북도",내충격수도관,0,0,0,0,0,18796,2574,14,8,0,558889,3336,1,6,0,282797,276,0,8,0
"충청북도",PE관,3793,244,6,15,0,10596,0,0,7,0,303310,10461,3,7,0,370349,50149,14,11,0
"충청북도",아연도강관,-,-,-,-,-,-,-,-,-,-,-,-,-,-,-,22328,15039,67,24,0
"충청북도",동관,-,-,-,-,-,-,-,-,-,-,-,-,-,-,-,0,0,0,0,0
"충청북도",스테인레스관,-,-,-,-,-,-,-,-,-,-,-,-,-,-,-,74783,16919,23,28,0
"충청북도",흄관,0,0,0,0,0,0,0,0,0,0,-,-,-,-,-,-,-,-,-,-
"충청북도",기타,4103,1143,28,27,0,11466,325,3,12,0,331652,117422,35,22,0,888729,123307,14,17,0
"충청남도",총계,98527,11613,12,27,31,584024,26101,5,16,32,9815020,714682,7,11,7,5227825,1062066,20,12,1
"충청남도",에나멜코팅 도복장강관,45329,5123,11,28,0,85511,3795,4,23,0,79549,7,0,17,0,714,0,0,28,0
"충청남도",엑상에폭시 도복장강관,4488,0,0,27,0,19182,0,0,18,0,164585,1401,1,7,0,10247,0,0,5,0
"충청남도",주철관,30353,0,0,27,0,186391,2094,1,17,0,653111,16562,3,21,0,20568,856,4,27,0
"충청남도",덕타일주철관,5430,0,0,19,0,190534,8563,5,14,0,975383,25790,3,13,0,6915,466,7,7,0
"충청남도",PVC관,0,0,0,0,0,1822,1822,100,26,0,1160410,267066,23,12,0,872726,603679,69,24,0
"충청남도",내충격수도관,0,0,0,0,0,7460,0,0,5,0,543521,10131,2,7,0,217142,1642,1,8,0
"충청남도",PE관,6886,6490,94,21,0,45653,6085,13,13,0,6084626,392542,7,9,0,3761070,452148,12,10,0
"충청남도",아연도강관,-,-,-,-,-,-,-,-,-,-,-,-,-,-,-,3273,3273,100,26,0
"충청남도",동관,-,-,-,-,-,-,-,-,-,-,-,-,-,-,-,2,0,0,29,0
"충청남도",스테인레스관,-,-,-,-,-,-,-,-,-,-,-,-,-,-,-,282341,0,0,14,0
"충청남도",흄관,560,0,0,30,0,2758,0,0,12,0,-,-,-,-,-,-,-,-,-,-
"충청남도",기타,5481,0,0,27,0,44713,3742,8,16,0,153835,1183,1,26,0,52827,2,0,14,0
"전라북도",총계,61213,0,0,21,48,520061,15987,3,19,21,9483216,1117348,12,15,17,7934469,2229603,28,16,3
"전라북도",에나멜코팅 도복장강관,22409,0,0,20,0,165319,0,0,25,0,105711,688,1,17,0,0,0,0,0,0
"전라북도",엑상에폭시 도복장강관,0,0,0,0,0,6495,0,0,10,0,52815,0,0,9,0,28456,0,0,3,0
"전라북도",주철관,29442,0,0,25,0,109404,0,0,22,0,1562275,4981,0,23,0,155898,0,0,27,0
"전라북도",덕타일주철관,2545,0,0,11,0,114181,0,0,13,0,1620424,6018,0,14,0,47596,0,0,18,0
"전라북도",PVC관,0,0,0,0,0,62532,14057,23,15,0,1333026,308804,23,14,0,1641403,1228197,75,25,0
"전라북도",내충격수도관,5867,0,0,7,0,17572,0,0,7,0,1697871,2270,0,8,0,990178,18341,2,7,0
"전라북도",PE관,0,0,0,0,0,25230,1930,8,9,0,2658557,793571,30,16,0,4290375,899404,21,14,0
"전라북도",아연도강관,-,-,-,-,-,-,-,-,-,-,-,-,-,-,-,65584,65584,100,30,0
"전라북도",동관,-,-,-,-,-,-,-,-,-,-,-,-,-,-,-,2500,0,0,30,0
"전라북도",스테인레스관,-,-,-,-,-,-,-,-,-,-,-,-,-,-,-,211944,1547,1,28,0
"전라북도",흄관,0,0,0,0,0,0,0,0,0,0,-,-,-,-,-,-,-,-,-,-
"전라북도",기타,950,0,0,11,0,19328,0,0,16,0,452537,1016,0,19,0,500535,16530,3,14,0
"전라남도",총계,213649,17601,8,24,49,555097,17762,3,14,35,11089471,625434,6,12,16,6672288,1725910,26,14,2
"전라남도",에나멜코팅 도복장강관,28110,786,3,21,0,5712,0,0,26,0,133970,4594,3,22,0,31950,113,0,28,0
"전라남도",엑상에폭시 도복장강관,11097,517,5,15,0,25266,0,0,18,0,23365,0,0,20,0,223,0,0,7,0
"전라남도",주철관,104749,13941,13,27,0,193702,17742,9,21,0,1790588,273745,15,20,0,13788,2086,15,23,0
"전라남도",덕타일주철관,32929,2209,7,21,0,199847,0,0,10,0,1031477,11176,1,13,0,8437,79,1,6,0
"전라남도",PVC관,1434,148,10,13,0,33424,0,0,5,0,3817763,170236,5,9,0,3445272,964788,28,14,0
"전라남도",내충격수도관,1867,0,0,13,0,43983,20,0,5,0,2559298,71906,3,8,0,1568766,193581,12,10,0
"전라남도",PE관,390,0,0,9,0,5136,0,0,9,0,983092,74131,8,10,0,756065,242292,32,13,0
"전라남도",아연도강관,-,-,-,-,-,-,-,-,-,-,-,-,-,-,-,146569,133990,91,28,0
"전라남도",동관,-,-,-,-,-,-,-,-,-,-,-,-,-,-,-,0,0,0,0,0
"전라남도",스테인레스관,-,-,-,-,-,-,-,-,-,-,-,-,-,-,-,315480,167594,53,27,0
"전라남도",흄관,0,0,0,0,0,0,0,0,0,0,-,-,-,-,-,-,-,-,-,-
"전라남도",기타,33073,0,0,28,0,48027,0,0,11,0,749918,19646,3,14,0,385738,21387,6,17,0
"경상북도",총계,231982,75247,32,21,41,1040753,155042,15,17,31,11713287,897227,8,13,12,10764835,3679994,34,17,4
"경상북도",에나멜코팅 도복장강관,7504,2024,27,25,0,96378,11385,12,23,0,220333,3168,1,16,0,94249,10249,11,30,0
"경상북도",엑상에폭시 도복장강관,5168,5,0,17,0,12676,584,5,20,0,160774,48,0,8,0,505690,177,0,15,0
"경상북도",주철관,95242,42254,44,24,0,323570,38661,12,18,0,1415656,114864,8,19,0,68823,2374,3,16,0
"경상북도",덕타일주철관,81892,789,1,16,0,529079,88045,17,15,0,5105978,106594,2,13,0,139815,1989,1,13,0
"경상북도",PVC관,2675,0,0,6,0,18535,0,0,6,0,1428631,111094,8,9,0,2531712,1578563,62,21,0
"경상북도",내충격수도관,368,350,95,23,0,16044,10992,69,21,0,794250,15146,2,5,0,418783,544,0,5,0
"경상북도",PE관,15138,15083,100,23,0,10139,4847,48,14,0,1588766,470336,30,15,0,2795832,963789,35,15,0
"경상북도",아연도강관,-,-,-,-,-,-,-,-,-,-,-,-,-,-,-,322073,322052,100,30,0
"경상북도",동관,-,-,-,-,-,-,-,-,-,-,-,-,-,-,-,59,0,0,12,0
"경상북도",스테인레스관,-,-,-,-,-,-,-,-,-,-,-,-,-,-,-,2776273,7035,0,12,0
"경상북도",흄관,6460,0,0,9,0,0,0,0,0,0,-,-,-,-,-,-,-,-,-,-
"경상북도",기타,17535,14742,84,30,0,34332,528,2,21,0,998899,75977,8,15,0,1111526,793222,71,27,0
"경상남도",총계,126872,17857,14,19,28,617753,150078,24,19,29,8785627,1054444,12,14,7,8260666,2707997,33,16,0
"경상남도",에나멜코팅 도복장강관,29901,944,3,18,0,99626,38307,39,26,0,65828,2449,4,22,0,154,8,5,17,0
"경상남도",엑상에폭시 도복장강관,13171,2350,18,22,0,13205,4844,37,21,0,137100,0,0,8,0,0,0,0,0,0
"경상남도",주철관,34957,6070,17,21,0,180730,48120,27,21,0,627807,113205,18,18,0,11785,0,0,23,0
"경상남도",덕타일주철관,34915,5242,15,17,0,245844,45337,18,17,0,3284958,148623,5,17,0,185230,773,0,14,0
"경상남도",PVC관,4714,3251,69,19,0,11589,0,0,15,0,870027,68943,8,10,0,1158841,919614,79,25,0
"경상남도",내충격수도관,0,0,0,0,0,13610,1814,13,5,0,193702,13608,7,6,0,6061,305,5,4,0
"경상남도",PE관,1637,0,0,9,0,33649,11495,34,16,0,3122956,696980,22,13,0,6272195,1709287,27,15,0
"경상남도",아연도강관,-,-,-,-,-,-,-,-,-,-,-,-,-,-,-,0,0,0,0,0
"경상남도",동관,-,-,-,-,-,-,-,-,-,-,-,-,-,-,-,0,0,0,0,0
"경상남도",스테인레스관,-,-,-,-,-,-,-,-,-,-,-,-,-,-,-,431308,26605,6,14,0
"경상남도",흄관,0,0,0,0,0,0,0,0,0,0,-,-,-,-,-,-,-,-,-,-
"경상남도",기타,7577,0,0,25,0,19500,161,1,12,0,483249,10636,2,12,0,195092,51405,26,16,0
"제주특별자치도",총계,75370,0,0,18,1,475340,21957,5,19,7,1932338,109588,6,14,4,3351858,295947,9,15,0
"제주특별자치도",에나멜코팅 도복장강관,0,0,0,0,0,93765,0,0,28,0,16841,0,0,24,0,390231,0,0,27,0
"제주특별자치도",엑상에폭시 도복장강관,5330,0,0,9,0,38499,0,0,6,0,35543,0,0,6,0,3,0,0,4,0
"제주특별자치도",주철관,658,0,0,28,0,34159,0,0,24,0,81940,0,0,24,0,11116,0,0,11,0
"제주특별자치도",덕타일주철관,66602,0,0,20,0,244843,0,0,16,0,546329,0,0,14,0,644,0,0,9,0
"제주특별자치도",PVC관,0,0,0,0,0,0,0,0,0,0,23726,0,0,2,0,37931,0,0,2,0
"제주특별자치도",내충격수도관,0,0,0,0,0,0,0,0,0,0,40655,0,0,1,0,53845,0,0,1,0
"제주특별자치도",PE관,2780,0,0,6,0,40910,21957,54,20,0,589941,109588,19,13,0,1791190,295947,17,12,0
"제주특별자치도",아연도강관,-,-,-,-,-,-,-,-,-,-,-,-,-,-,-,0,0,0,0,0
"제주특별자치도",동관,-,-,-,-,-,-,-,-,-,-,-,-,-,-,-,0,0,0,0,0
"제주특별자치도",스테인레스관,-,-,-,-,-,-,-,-,-,-,-,-,-,-,-,30656,0,0,15,0
"제주특별자치도",흄관,0,0,0,0,0,0,0,0,0,0,-,-,-,-,-,-,-,-,-,-
"제주특별자치도",기타,0,0,0,0,0,23164,0,0,20,0,597363,0,0,17,0,1036242,0,0,17,0
"한국수자원공사",총계,1787605,331842,19,20,1,3545059,300392,9,18,1,-,-,-,-,-,-,-,-,-,-
"한국수자원공사",에나멜코팅 도복장강관,594453,220696,37,26,0,255973,92575,36,26,0,-,-,-,-,-,-,-,-,-,-
"한국수자원공사",엑상에폭시 도복장강관,793742,2719,0,15,0,1295013,73617,6,19,0,-,-,-,-,-,-,-,-,-,-
"한국수자원공사",주철관,10513,3374,32,16,0,21801,3415,16,16,0,-,-,-,-,-,-,-,-,-,-
"한국수자원공사",덕타일주철관,145769,20268,14,16,0,1917878,130132,7,16,0,-,-,-,-,-,-,-,-,-,-
"한국수자원공사",PVC관,0,0,0,0,0,0,0,0,0,0,-,-,-,-,-,-,-,-,-,-
"한국수자원공사",내충격수도관,0,0,0,0,0,0,0,0,0,0,-,-,-,-,-,-,-,-,-,-
"한국수자원공사",PE관,0,0,0,0,0,0,0,0,0,0,-,-,-,-,-,-,-,-,-,-
"한국수자원공사",흄관,10656,3443,32,14,0,0,0,0,0,0,-,-,-,-,-,-,-,-,-,-
"한국수자원공사",기타,232472,81342,35,23,0,54394,653,1,14,0,-,-,-,-,-,-,-,-,-,-
